competition,model_id,model_family,seed,params_json,started_at,cv_auc_mean,cv_auc_std,cv_auc_min,cv_auc_max,submission_path,submitted_to_kaggle,kaggle_status,public_auc,private_auc,runtime_seconds,error,finished_at,cv_private_gap,abs_cv_private_gap,public_private_gap,abs_public_private_gap,submission_family,distance_to_median,submission_error,submission_attempted_at
santander,897,extra_trees,102363,"{""n_estimators"": 500, ""max_depth"": null, ""min_samples_split"": 2, ""min_samples_leaf"": 8, ""max_features"": ""log2"", ""bootstrap"": false}",2026-05-11T10:26:26.089601,0.8773057704186128,0.0029979273791907,0.8718268717557294,0.8806552977192968,/Users/kunalgurung/Desktop/UTS SEM4/36126/project/submissions/santander_1000_models/santander_model_0897.csv,True,,,,198.76704692840576,,2026-05-11T10:29:44.856639,,,,,bagging_trees,,,2026-05-16 04:23:18.499788
santander,920,extra_trees,909793,"{""n_estimators"": 500, ""max_depth"": null, ""min_samples_split"": 10, ""min_samples_leaf"": 8, ""max_features"": ""log2"", ""bootstrap"": false}",2026-05-12T02:07:26.467387,0.8772216490581991,0.0032414181362025,0.8710155932400256,0.8804873008498364,/Users/kunalgurung/Desktop/UTS SEM4/36126/project/submissions/santander_1000_models/santander_model_0920.csv,True,,,,211.6418080329895,,2026-05-12T02:10:58.109184,,,,,bagging_trees,,,2026-05-16 04:23:38.745542
santander,889,extra_trees,200351,"{""n_estimators"": 500, ""max_depth"": null, ""min_samples_split"": 20, ""min_samples_leaf"": 2, ""max_features"": ""sqrt"", ""bootstrap"": false}",2026-05-11T08:45:26.564689,0.8744887974258428,0.0038001850465187,0.8671718118689488,0.8775643461403378,/Users/kunalgurung/Desktop/UTS SEM4/36126/project/submissions/santander_1000_models/santander_model_0889.csv,True,,,,360.1546287536621,,2026-05-11T08:51:26.719310,,,,,bagging_trees,,,2026-05-16 04:23:59.178393
santander,893,extra_trees,969244,"{""n_estimators"": 500, ""max_depth"": null, ""min_samples_split"": 2, ""min_samples_leaf"": 8, ""max_features"": ""sqrt"", ""bootstrap"": false}",2026-05-11T09:01:37.034575,0.8726143311120571,0.0037224377533226,0.865508816396063,0.8761414508889681,/Users/kunalgurung/Desktop/UTS SEM4/36126/project/submissions/santander_1000_models/santander_model_0893.csv,True,,,,340.56265807151794,,2026-05-11T09:07:17.597225,,,,,bagging_trees,,,2026-05-16 04:24:19.706380
santander,914,extra_trees,928813,"{""n_estimators"": 500, ""max_depth"": null, ""min_samples_split"": 10, ""min_samples_leaf"": 2, ""max_features"": ""sqrt"", ""bootstrap"": false}",2026-05-11T18:34:09.942008,0.8721336764763968,0.0042182383316073,0.8642138218026045,0.8768737192304183,/Users/kunalgurung/Desktop/UTS SEM4/36126/project/submissions/santander_1000_models/santander_model_0914.csv,True,,,,977.458429813385,,2026-05-11T18:50:27.400201,,,,,bagging_trees,,,2026-05-16 04:24:40.292915
santander,900,extra_trees,238714,"{""n_estimators"": 300, ""max_depth"": null, ""min_samples_split"": 5, ""min_samples_leaf"": 2, ""max_features"": ""sqrt"", ""bootstrap"": false}",2026-05-11T11:06:48.172506,0.8577138963337274,0.0040468463080957,0.8504650697319407,0.8623901397076265,/Users/kunalgurung/Desktop/UTS SEM4/36126/project/submissions/santander_1000_models/santander_model_0900.csv,True,,,,241.1359522342682,,2026-05-11T11:10:49.308446,,,,,bagging_trees,0.0,,2026-05-16 04:25:01.184260
santander,880,random_forest,20369,"{""n_estimators"": 200, ""max_depth"": null, ""min_samples_split"": 2, ""min_samples_leaf"": 8, ""max_features"": ""log2"", ""bootstrap"": false}",2026-05-11T06:34:07.926243,0.8573905715532517,0.0041323007810371,0.8502329410479564,0.862365521367789,/Users/kunalgurung/Desktop/UTS SEM4/36126/project/submissions/santander_1000_models/santander_model_0880.csv,True,,,,650.1644787788391,,2026-05-11T06:44:58.090714,,,,,bagging_trees,0.0003233247804756,,2026-05-16 04:25:22.021632
santander,868,extra_trees,764813,"{""n_estimators"": 300, ""max_depth"": null, ""min_samples_split"": 5, ""min_samples_leaf"": 1, ""max_features"": ""sqrt"", ""bootstrap"": false}",2026-05-11T04:46:16.456805,0.8573638703475759,0.0040110772050437,0.8498911224865112,0.8613143945364893,/Users/kunalgurung/Desktop/UTS SEM4/36126/project/submissions/santander_1000_models/santander_model_0868.csv,True,,,,247.25374698638916,,2026-05-11T04:50:23.710544,,,,,bagging_trees,0.0003500259861515,,2026-05-16 04:25:43.163498
santander,886,random_forest,207373,"{""n_estimators"": 300, ""max_depth"": null, ""min_samples_split"": 10, ""min_samples_leaf"": 2, ""max_features"": ""log2"", ""bootstrap"": false}",2026-05-11T08:15:02.448274,0.8573228995871263,0.0041808386454412,0.8493777603090717,0.8605779433847992,/Users/kunalgurung/Desktop/UTS SEM4/36126/project/submissions/santander_1000_models/santander_model_0886.csv,True,,,,1123.99995303154,,2026-05-11T08:33:46.448215,,,,,bagging_trees,0.0003909967466011,,2026-05-16 04:26:03.582300
santander,866,random_forest,467951,"{""n_estimators"": 300, ""max_depth"": null, ""min_samples_split"": 20, ""min_samples_leaf"": 2, ""max_features"": ""log2"", ""bootstrap"": true}",2026-05-11T04:29:19.887517,0.8571344134616068,0.0039787409555732,0.8499871750198424,0.8618253424357478,/Users/kunalgurung/Desktop/UTS SEM4/36126/project/submissions/santander_1000_models/santander_model_0866.csv,True,,,,847.7883517742157,,2026-05-11T04:43:27.675859,,,,,bagging_trees,0.0005794828721206,,2026-05-16 04:26:24.156134
santander,894,random_forest,69611,"{""n_estimators"": 500, ""max_depth"": null, ""min_samples_split"": 2, ""min_samples_leaf"": 1, ""max_features"": ""sqrt"", ""bootstrap"": false}",2026-05-11T09:07:17.655821,0.8425873109444781,0.0042339084737514,0.8351174125204992,0.8473734503057615,/Users/kunalgurung/Desktop/UTS SEM4/36126/project/submissions/santander_1000_models/santander_model_0894.csv,True,,,,4466.579409837723,,2026-05-11T10:21:44.235250,,,,,bagging_trees,,,2026-05-16 04:26:44.337651
santander,887,random_forest,396360,"{""n_estimators"": 200, ""max_depth"": null, ""min_samples_split"": 2, ""min_samples_leaf"": 1, ""max_features"": ""log2"", ""bootstrap"": true}",2026-05-11T08:33:46.507071,0.8425829734559718,0.0051773392981676,0.8328122312285156,0.8474943740696852,/Users/kunalgurung/Desktop/UTS SEM4/36126/project/submissions/santander_1000_models/santander_model_0887.csv,True,,,,563.0238316059113,,2026-05-11T08:43:09.530893,,,,,bagging_trees,,,2026-05-16 04:27:08.901947
santander,864,random_forest,437343,"{""n_estimators"": 300, ""max_depth"": null, ""min_samples_split"": 10, ""min_samples_leaf"": 1, ""max_features"": ""sqrt"", ""bootstrap"": false}",2026-05-11T03:28:53.366783,0.8411131955003066,0.0046928829451799,0.8346011050915516,0.8471442611686648,/Users/kunalgurung/Desktop/UTS SEM4/36126/project/submissions/santander_1000_models/santander_model_0864.csv,True,,,,2791.586998939514,,2026-05-11T04:15:24.953790,,,,,bagging_trees,,,2026-05-16 04:27:34.572788
santander,921,extra_trees,197120,"{""n_estimators"": 200, ""max_depth"": null, ""min_samples_split"": 2, ""min_samples_leaf"": 1, ""max_features"": ""sqrt"", ""bootstrap"": false}",2026-05-12T02:10:58.167416,0.8364848431284149,0.0029624012825902,0.8308035973550811,0.8386896430852961,/Users/kunalgurung/Desktop/UTS SEM4/36126/project/submissions/santander_1000_models/santander_model_0921.csv,True,,,,187.61346888542175,,2026-05-12T02:14:05.780875,,,,,bagging_trees,,,2026-05-16 04:27:58.348522
santander,862,extra_trees,882234,"{""n_estimators"": 200, ""max_depth"": null, ""min_samples_split"": 5, ""min_samples_leaf"": 2, ""max_features"": ""log2"", ""bootstrap"": false}",2026-05-11T03:22:25.680017,0.83335774096743,0.0047753878078543,0.8241572432445887,0.8376471484987513,/Users/kunalgurung/Desktop/UTS SEM4/36126/project/submissions/santander_1000_models/santander_model_0862.csv,True,,,,113.18458080291748,,2026-05-11T03:24:18.864590,,,,,bagging_trees,,,2026-05-16 04:28:22.786866
santander,762,catboost,801802,"{""iterations"": 900, ""learning_rate"": 0.07, ""depth"": 6, ""l2_leaf_reg"": 5.0, ""random_strength"": 0.5, ""bagging_temperature"": 1.0}",2026-05-10T21:49:24.317372,0.895085439211255,0.0027671088295525,0.8898803923683418,0.8978700508021316,/Users/kunalgurung/Desktop/UTS SEM4/36126/project/submissions/santander_1000_models/santander_model_0762.csv,True,,,,147.50456595420837,,2026-05-10T21:51:51.821928,,,,,catboost,,,2026-05-16 04:28:44.116772
santander,769,catboost,27124,"{""iterations"": 900, ""learning_rate"": 0.07, ""depth"": 6, ""l2_leaf_reg"": 1.0, ""random_strength"": 0.5, ""bagging_temperature"": 0.0}",2026-05-10T22:09:20.853121,0.8944599438650108,0.0030237899000782,0.8885414436986827,0.8967197161693511,/Users/kunalgurung/Desktop/UTS SEM4/36126/project/submissions/santander_1000_models/santander_model_0769.csv,True,,,,150.86327195167542,,2026-05-10T22:11:51.716386,,,,,catboost,,,2026-05-16 04:29:04.650084
santander,764,catboost,819726,"{""iterations"": 900, ""learning_rate"": 0.05, ""depth"": 8, ""l2_leaf_reg"": 10.0, ""random_strength"": 2.0, ""bagging_temperature"": 0.0}",2026-05-10T21:55:06.228537,0.893811745619073,0.0029171138719516,0.8881764814061985,0.8961591233779842,/Users/kunalgurung/Desktop/UTS SEM4/36126/project/submissions/santander_1000_models/santander_model_0764.csv,True,,,,269.86473202705383,,2026-05-10T21:59:36.093260,,,,,catboost,,,2026-05-16 04:29:25.170289
santander,761,catboost,888606,"{""iterations"": 900, ""learning_rate"": 0.07, ""depth"": 8, ""l2_leaf_reg"": 3.0, ""random_strength"": 2.0, ""bagging_temperature"": 0.5}",2026-05-10T21:44:43.576529,0.8938081884942395,0.0026628816748251,0.8888003700231473,0.8966581489439961,/Users/kunalgurung/Desktop/UTS SEM4/36126/project/submissions/santander_1000_models/santander_model_0761.csv,True,,,,280.7164969444275,,2026-05-10T21:49:24.293018,,,,,catboost,,,2026-05-16 04:29:45.709247
santander,704,catboost,918909,"{""iterations"": 900, ""learning_rate"": 0.05, ""depth"": 8, ""l2_leaf_reg"": 7.0, ""random_strength"": 5.0, ""bagging_temperature"": 0.0}",2026-05-10T19:53:27.136423,0.8936698940706872,0.0028730724423177,0.8882390161477216,0.8966678005193598,/Users/kunalgurung/Desktop/UTS SEM4/36126/project/submissions/santander_1000_models/santander_model_0704.csv,True,,,,243.870934009552,,2026-05-10T19:57:31.007349,,,,,catboost,,,2026-05-16 04:30:06.072844
santander,724,catboost,915138,"{""iterations"": 900, ""learning_rate"": 0.07, ""depth"": 8, ""l2_leaf_reg"": 3.0, ""random_strength"": 0.5, ""bagging_temperature"": 0.5}",2026-05-10T20:35:04.097824,0.8936131765855077,0.0030673918614425,0.8877824883365276,0.8960783807555284,/Users/kunalgurung/Desktop/UTS SEM4/36126/project/submissions/santander_1000_models/santander_model_0724.csv,True,,,,278.860631942749,,2026-05-10T20:39:42.958447,,,,,catboost,,,2026-05-16 04:30:26.269248
santander,833,catboost,423327,"{""iterations"": 500, ""learning_rate"": 0.05, ""depth"": 4, ""l2_leaf_reg"": 1.0, ""random_strength"": 1.0, ""bagging_temperature"": 0.0}",2026-05-11T01:25:03.168440,0.873598883134356,0.0032244410594895,0.8673854324818376,0.8765806970958152,/Users/kunalgurung/Desktop/UTS SEM4/36126/project/submissions/santander_1000_models/santander_model_0833.csv,True,,,,62.05077004432678,,2026-05-11T01:26:05.219200,,,,,catboost,0.0016038381928009,,2026-05-16 04:30:46.849620
santander,825,catboost,404363,"{""iterations"": 500, ""learning_rate"": 0.05, ""depth"": 4, ""l2_leaf_reg"": 3.0, ""random_strength"": 0.5, ""bagging_temperature"": 2.0}",2026-05-11T01:09:40.950081,0.8735730493745628,0.0032970952698375,0.8672850519498118,0.8767102960584262,/Users/kunalgurung/Desktop/UTS SEM4/36126/project/submissions/santander_1000_models/santander_model_0825.csv,True,,,,59.86036992073059,,2026-05-11T01:10:40.810443,,,,,catboost,0.0015780044330078,,2026-05-16 04:31:10.283977
santander,707,catboost,991343,"{""iterations"": 500, ""learning_rate"": 0.05, ""depth"": 4, ""l2_leaf_reg"": 10.0, ""random_strength"": 0.5, ""bagging_temperature"": 0.5}",2026-05-10T20:02:25.351629,0.873409299211729,0.0035703678167213,0.8667304597081298,0.8772013420397521,/Users/kunalgurung/Desktop/UTS SEM4/36126/project/submissions/santander_1000_models/santander_model_0707.csv,True,,,,66.68030095100403,,2026-05-10T20:03:32.031916,,,,,catboost,0.001414254270174,,2026-05-16 04:31:30.593980
santander,755,catboost,787826,"{""iterations"": 700, ""learning_rate"": 0.02, ""depth"": 7, ""l2_leaf_reg"": 10.0, ""random_strength"": 1.0, ""bagging_temperature"": 0.5}",2026-05-10T21:32:55.880703,0.8729140445087216,0.0033357831335203,0.8665519401325777,0.8759424320592081,/Users/kunalgurung/Desktop/UTS SEM4/36126/project/submissions/santander_1000_models/santander_model_0755.csv,True,,,,148.22602128982544,,2026-05-10T21:35:24.106715,,,,,catboost,0.0009189995671665,,2026-05-16 13:55:27.071160
santander,819,catboost,920732,"{""iterations"": 700, ""learning_rate"": 0.02, ""depth"": 7, ""l2_leaf_reg"": 7.0, ""random_strength"": 1.0, ""bagging_temperature"": 0.5}",2026-05-11T01:01:09.535665,0.8728718234931258,0.003287613383726,0.8665803002773791,0.875559229619951,/Users/kunalgurung/Desktop/UTS SEM4/36126/project/submissions/santander_1000_models/santander_model_0819.csv,True,,,,139.97179698944092,,2026-05-11T01:03:29.507454,,,,,catboost,0.0008767785515707,,2026-05-16 13:55:50.569560
santander,725,catboost,745889,"{""iterations"": 900, ""learning_rate"": 0.02, ""depth"": 5, ""l2_leaf_reg"": 5.0, ""random_strength"": 5.0, ""bagging_temperature"": 0.0}",2026-05-10T20:39:42.977248,0.8711182663899842,0.0032706847194675,0.864963958694576,0.8740965129788197,/Users/kunalgurung/Desktop/UTS SEM4/36126/project/submissions/santander_1000_models/santander_model_0725.csv,True,,,,134.37776827812195,,2026-05-10T20:41:57.355007,,,,,catboost,0.0008767785515707,,2026-05-16 13:56:14.543346
santander,767,catboost,729877,"{""iterations"": 900, ""learning_rate"": 0.02, ""depth"": 5, ""l2_leaf_reg"": 5.0, ""random_strength"": 2.0, ""bagging_temperature"": 2.0}",2026-05-10T22:04:08.621241,0.8708526809312749,0.0034633929072939,0.8643353756509282,0.8738726797136908,/Users/kunalgurung/Desktop/UTS SEM4/36126/project/submissions/santander_1000_models/santander_model_0767.csv,True,,,,124.65569400787354,,2026-05-10T22:06:13.276926,,,,,catboost,0.0011423640102801,,2026-05-16 13:56:45.627755
santander,827,catboost,213121,"{""iterations"": 900, ""learning_rate"": 0.02, ""depth"": 5, ""l2_leaf_reg"": 7.0, ""random_strength"": 0.5, ""bagging_temperature"": 2.0}",2026-05-11T01:12:37.363958,0.8702751854014114,0.0033617682315515,0.8639657604141604,0.8735935243365671,/Users/kunalgurung/Desktop/UTS SEM4/36126/project/submissions/santander_1000_models/santander_model_0827.csv,True,,,,112.73720693588255,,2026-05-11T01:14:30.101156,,,,,catboost,0.0017198595401436,,2026-05-16 13:57:15.369508
santander,785,catboost,644755,"{""iterations"": 500, ""learning_rate"": 0.01, ""depth"": 5, ""l2_leaf_reg"": 1.0, ""random_strength"": 0.5, ""bagging_temperature"": 0.5}",2026-05-10T22:36:24.515067,0.8194799020322616,0.0041797172929039,0.8118441768367722,0.8235682210398304,/Users/kunalgurung/Desktop/UTS SEM4/36126/project/submissions/santander_1000_models/santander_model_0785.csv,True,,,,71.9877610206604,,2026-05-10T22:37:36.502818,,,,,catboost,,,2026-05-16 13:57:43.249756
santander,841,catboost,7416,"{""iterations"": 300, ""learning_rate"": 0.02, ""depth"": 4, ""l2_leaf_reg"": 7.0, ""random_strength"": 0.5, ""bagging_temperature"": 2.0}",2026-05-11T01:37:17.318703,0.8172321212237206,0.0043536106533899,0.8092363571248814,0.8216856441449818,/Users/kunalgurung/Desktop/UTS SEM4/36126/project/submissions/santander_1000_models/santander_model_0841.csv,True,,,,38.79155993461609,,2026-05-11T01:37:56.110256,,,,,catboost,,,2026-05-16 13:58:11.145277
santander,751,catboost,877279,"{""iterations"": 300, ""learning_rate"": 0.01, ""depth"": 7, ""l2_leaf_reg"": 1.0, ""random_strength"": 0.5, ""bagging_temperature"": 2.0}",2026-05-10T21:25:56.330735,0.816598372479549,0.0045263248353703,0.808449760646462,0.8220049702906774,/Users/kunalgurung/Desktop/UTS SEM4/36126/project/submissions/santander_1000_models/santander_model_0751.csv,True,,,,69.47100901603699,,2026-05-10T21:27:05.801734,,,,,catboost,,,2026-05-16 13:58:41.793012
santander,709,catboost,26087,"{""iterations"": 500, ""learning_rate"": 0.01, ""depth"": 4, ""l2_leaf_reg"": 7.0, ""random_strength"": 2.0, ""bagging_temperature"": 0.5}",2026-05-10T20:05:57.605605,0.8145515698487081,0.0052581969506358,0.8050498065536685,0.8199614406262452,/Users/kunalgurung/Desktop/UTS SEM4/36126/project/submissions/santander_1000_models/santander_model_0709.csv,True,,,,64.66470694541931,,2026-05-10T20:07:02.270303,,,,,catboost,,,2026-05-16 13:59:07.024235
santander,783,catboost,686456,"{""iterations"": 500, ""learning_rate"": 0.01, ""depth"": 4, ""l2_leaf_reg"": 10.0, ""random_strength"": 0.5, ""bagging_temperature"": 0.0}",2026-05-10T22:34:25.078764,0.8089791209463216,0.0047058694193966,0.8003642294364752,0.8139075211649088,/Users/kunalgurung/Desktop/UTS SEM4/36126/project/submissions/santander_1000_models/santander_model_0783.csv,True,,,,61.560829877853394,,2026-05-10T22:35:26.639592,,,,,catboost,,,2026-05-16 13:59:32.815298
santander,822,catboost,828648,"{""iterations"": 300, ""learning_rate"": 0.01, ""depth"": 4, ""l2_leaf_reg"": 10.0, ""random_strength"": 2.0, ""bagging_temperature"": 1.0}",2026-05-11T01:06:10.460876,0.7953305202985157,0.0078623691654699,0.7811324837734618,0.8043810327336857,/Users/kunalgurung/Desktop/UTS SEM4/36126/project/submissions/santander_1000_models/santander_model_0822.csv,True,,,,41.59349513053894,,2026-05-11T01:06:52.054363,,,,,catboost,,,2026-05-16 14:00:00.228876
santander,294,lightgbm,715116,"{""n_estimators"": 1100, ""learning_rate"": 0.05, ""num_leaves"": 15, ""max_depth"": 9, ""min_child_samples"": 10, ""subsample"": 0.8, ""colsample_bytree"": 0.7, ""reg_alpha"": 0.1, ""reg_lambda"": 1.0}",2026-05-10T06:24:09.463693,0.894081715084052,0.0031904511301092,0.8883119284068814,0.8969001158742144,/Users/kunalgurung/Desktop/UTS SEM4/36126/project/submissions/santander_1000_models/santander_model_0294.csv,True,,,,122.3317699432373,,2026-05-10T06:26:11.795456,,,,,lightgbm,,,2026-05-16 14:00:27.534483
santander,169,lightgbm,772217,"{""n_estimators"": 1100, ""learning_rate"": 0.05, ""num_leaves"": 31, ""max_depth"": -1, ""min_child_samples"": 80, ""subsample"": 0.8, ""colsample_bytree"": 0.5, ""reg_alpha"": 0.01, ""reg_lambda"": 5.0}",2026-05-10T02:40:21.623923,0.8939568403396431,0.0022950711447684,0.889596258562662,0.8956089065511796,/Users/kunalgurung/Desktop/UTS SEM4/36126/project/submissions/santander_1000_models/santander_model_0169.csv,True,,,,133.58893275260925,,2026-05-10T02:42:35.212846,,,,,lightgbm,,,2026-05-16 14:00:49.653719
santander,84,lightgbm,288909,"{""n_estimators"": 900, ""learning_rate"": 0.07, ""num_leaves"": 15, ""max_depth"": -1, ""min_child_samples"": 10, ""subsample"": 0.6, ""colsample_bytree"": 0.5, ""reg_alpha"": 1.0, ""reg_lambda"": 1.0}",2026-05-10T00:23:50.654140,0.8937636269047493,0.0026876832183303,0.8886643353549097,0.8961277004183715,/Users/kunalgurung/Desktop/UTS SEM4/36126/project/submissions/santander_1000_models/santander_model_0084.csv,True,COMPLETE,0.89444,0.89133,88.28097081184387,,2026-05-10T00:25:18.935101,0.0024336269047493,0.0024336269047493,0.00311,0.00311,lightgbm,,,
santander,81,lightgbm,44171,"{""n_estimators"": 1100, ""learning_rate"": 0.05, ""num_leaves"": 31, ""max_depth"": 7, ""min_child_samples"": 120, ""subsample"": 0.6, ""colsample_bytree"": 0.5, ""reg_alpha"": 0.5, ""reg_lambda"": 5.0}",2026-05-10T00:18:03.333288,0.8936915055690596,0.0023179760580748,0.8892703588782049,0.8958925745271313,/Users/kunalgurung/Desktop/UTS SEM4/36126/project/submissions/santander_1000_models/santander_model_0081.csv,True,COMPLETE,0.89509,0.89165,107.75851798057556,,2026-05-10T00:19:51.091800,0.0020415055690595,0.0020415055690595,0.0034399999999999,0.0034399999999999,lightgbm,,,
santander,19,lightgbm,683700,"{""n_estimators"": 900, ""learning_rate"": 0.05, ""num_leaves"": 31, ""max_depth"": 9, ""min_child_samples"": 10, ""subsample"": 0.7, ""colsample_bytree"": 0.5, ""reg_alpha"": 0.01, ""reg_lambda"": 5.0}",2026-05-09T22:14:11.108224,0.8936363536053922,0.0027464777467498,0.8885033766686301,0.896121469765508,/Users/kunalgurung/Desktop/UTS SEM4/36126/project/submissions/santander_1000_models/santander_model_0019.csv,True,,,,103.91950106620789,,2026-05-09T22:15:55.027715,,,,,lightgbm,,,2026-05-16 14:01:18.446778
santander,253,lightgbm,915761,"{""n_estimators"": 1100, ""learning_rate"": 0.07, ""num_leaves"": 15, ""max_depth"": 9, ""min_child_samples"": 120, ""subsample"": 0.7, ""colsample_bytree"": 0.7, ""reg_alpha"": 0.1, ""reg_lambda"": 0.5}",2026-05-10T05:07:26.490163,0.8936059478298846,0.002087545913033,0.8897259464213121,0.8955161034737374,/Users/kunalgurung/Desktop/UTS SEM4/36126/project/submissions/santander_1000_models/santander_model_0253.csv,True,,,,112.0111300945282,,2026-05-10T05:09:18.501285,,,,,lightgbm,,,2026-05-16 14:01:39.358354
santander,67,lightgbm,952511,"{""n_estimators"": 900, ""learning_rate"": 0.05, ""num_leaves"": 15, ""max_depth"": 7, ""min_child_samples"": 80, ""subsample"": 0.8, ""colsample_bytree"": 0.5, ""reg_alpha"": 0.1, ""reg_lambda"": 5.0}",2026-05-09T23:51:53.284949,0.8934054982269689,0.0027546440781164,0.8881562863835353,0.8957798349781508,/Users/kunalgurung/Desktop/UTS SEM4/36126/project/submissions/santander_1000_models/santander_model_0067.csv,True,COMPLETE,0.89304,0.89027,105.87707114219666,,2026-05-09T23:53:39.162009,0.0031354982269689,0.0031354982269689,0.0027699999999999,0.0027699999999999,lightgbm,,,
santander,72,lightgbm,139136,"{""n_estimators"": 1100, ""learning_rate"": 0.07, ""num_leaves"": 15, ""max_depth"": 7, ""min_child_samples"": 10, ""subsample"": 0.9, ""colsample_bytree"": 0.5, ""reg_alpha"": 0.1, ""reg_lambda"": 1.0}",2026-05-10T00:05:35.769675,0.8933692501346119,0.0028363152112463,0.8879470629067004,0.8957138218680135,/Users/kunalgurung/Desktop/UTS SEM4/36126/project/submissions/santander_1000_models/santander_model_0072.csv,True,COMPLETE,0.8947,0.89052,92.34055709838869,,2026-05-10T00:07:08.110225,0.0028492501346119,0.0028492501346119,0.00418,0.00418,lightgbm,,,
santander,184,lightgbm,425162,"{""n_estimators"": 300, ""learning_rate"": 0.07, ""num_leaves"": 127, ""max_depth"": 7, ""min_child_samples"": 80, ""subsample"": 0.8, ""colsample_bytree"": 0.8, ""reg_alpha"": 0.1, ""reg_lambda"": 0.0}",2026-05-10T03:09:01.214346,0.8805478549169395,0.0027472353053681,0.8762156421892761,0.8836910406925321,/Users/kunalgurung/Desktop/UTS SEM4/36126/project/submissions/santander_1000_models/santander_model_0184.csv,True,,,,66.92807912826538,,2026-05-10T03:10:08.142416,,,,,lightgbm,0.0003966672486043,,2026-05-16 14:02:00.806903
santander,10,lightgbm,832736,"{""n_estimators"": 300, ""learning_rate"": 0.07, ""num_leaves"": 15, ""max_depth"": 7, ""min_child_samples"": 80, ""subsample"": 0.9, ""colsample_bytree"": 0.8, ""reg_alpha"": 0.1, ""reg_lambda"": 2.0}",2026-05-09T22:02:03.621143,0.8805125053981586,0.0030940151261912,0.8744794717352649,0.8832945886074525,/Users/kunalgurung/Desktop/UTS SEM4/36126/project/submissions/santander_1000_models/santander_model_0010.csv,True,,,,48.81920504570007,,2026-05-09T22:02:52.440341,,,,,lightgbm,0.0003613177298233,,2026-05-16 14:02:24.564883
santander,117,lightgbm,628980,"{""n_estimators"": 900, ""learning_rate"": 0.02, ""num_leaves"": 15, ""max_depth"": -1, ""min_child_samples"": 20, ""subsample"": 0.7, ""colsample_bytree"": 0.6, ""reg_alpha"": 0.01, ""reg_lambda"": 0.0}",2026-05-10T01:19:43.659295,0.8804071934024282,0.0033318368041783,0.8739508889681665,0.8834603613160438,/Users/kunalgurung/Desktop/UTS SEM4/36126/project/submissions/santander_1000_models/santander_model_0117.csv,True,,,,90.17522525787354,,2026-05-10T01:21:13.834509,,,,,lightgbm,0.000256005734093,,2026-05-16 14:03:01.224927
santander,86,lightgbm,968196,"{""n_estimators"": 1100, ""learning_rate"": 0.01, ""num_leaves"": 127, ""max_depth"": 9, ""min_child_samples"": 80, ""subsample"": 1.0, ""colsample_bytree"": 1.0, ""reg_alpha"": 0.1, ""reg_lambda"": 0.0}",2026-05-10T00:26:11.731300,0.8803077050143246,0.003178673507477,0.8746683480872459,0.8841959586934408,/Users/kunalgurung/Desktop/UTS SEM4/36126/project/submissions/santander_1000_models/santander_model_0086.csv,True,COMPLETE,0.88044,0.87764,339.67229199409485,,2026-05-10T00:31:51.403585,0.0026677050143246,0.0026677050143246,0.0028,0.0028,lightgbm,0.0001565173459894,,
santander,240,lightgbm,6460,"{""n_estimators"": 700, ""learning_rate"": 0.05, ""num_leaves"": 63, ""max_depth"": 3, ""min_child_samples"": 120, ""subsample"": 0.7, ""colsample_bytree"": 0.9, ""reg_alpha"": 0.1, ""reg_lambda"": 0.0}",2026-05-10T04:46:23.015561,0.8802225022146674,0.003478890170818,0.873601537891421,0.8834202320390558,/Users/kunalgurung/Desktop/UTS SEM4/36126/project/submissions/santander_1000_models/santander_model_0240.csv,True,,,,59.81353783607483,,2026-05-10T04:47:22.829088,,,,,lightgbm,7.131454633213519e-05,,2026-05-16 14:03:31.548078
santander,327,lightgbm,164811,"{""n_estimators"": 700, ""learning_rate"": 0.05, ""num_leaves"": 31, ""max_depth"": 3, ""min_child_samples"": 120, ""subsample"": 0.6, ""colsample_bytree"": 0.6, ""reg_alpha"": 1.0, ""reg_lambda"": 2.0}",2026-05-10T07:15:29.456214,0.8802156704880826,0.0034020322705999,0.8736642454763427,0.883436676536846,/Users/kunalgurung/Desktop/UTS SEM4/36126/project/submissions/santander_1000_models/santander_model_0327.csv,True,,,,49.123316049575806,,2026-05-10T07:16:18.579519,,,,,lightgbm,6.448281974735792e-05,,2026-05-16 14:03:52.435549
santander,339,lightgbm,252970,"{""n_estimators"": 700, ""learning_rate"": 0.05, ""num_leaves"": 15, ""max_depth"": 3, ""min_child_samples"": 80, ""subsample"": 0.8, ""colsample_bytree"": 1.0, ""reg_alpha"": 0.0, ""reg_lambda"": 2.0}",2026-05-10T07:43:17.602220,0.8800867048485879,0.0034803028097082,0.8734967049134538,0.883485719589129,/Users/kunalgurung/Desktop/UTS SEM4/36126/project/submissions/santander_1000_models/santander_model_0339.csv,True,,,,64.60397791862488,,2026-05-10T07:44:22.206188,,,,,lightgbm,6.448281974735792e-05,,2026-05-16 14:11:56.055618
santander,190,lightgbm,534868,"{""n_estimators"": 700, ""learning_rate"": 0.05, ""num_leaves"": 15, ""max_depth"": 3, ""min_child_samples"": 20, ""subsample"": 0.7, ""colsample_bytree"": 0.5, ""reg_alpha"": 0.0, ""reg_lambda"": 5.0}",2026-05-10T03:18:13.835391,0.8800453281008762,0.0035192208395254,0.8733598267694325,0.8835756318516481,/Users/kunalgurung/Desktop/UTS SEM4/36126/project/submissions/santander_1000_models/santander_model_0190.csv,True,,,,43.0343017578125,,2026-05-10T03:18:56.869690,,,,,lightgbm,0.000105859567459,,2026-05-16 14:12:20.765547
santander,274,lightgbm,185730,"{""n_estimators"": 300, ""learning_rate"": 0.03, ""num_leaves"": 127, ""max_depth"": -1, ""min_child_samples"": 40, ""subsample"": 0.7, ""colsample_bytree"": 0.9, ""reg_alpha"": 0.1, ""reg_lambda"": 5.0}",2026-05-10T05:46:41.576972,0.8797221111314905,0.0033123772587428,0.8737114870339797,0.8835238434395571,/Users/kunalgurung/Desktop/UTS SEM4/36126/project/submissions/santander_1000_models/santander_model_0274.csv,True,,,,146.42020511627197,,2026-05-10T05:49:07.997167,,,,,lightgbm,0.0004290765368447,,2026-05-16 14:20:40.874156
santander,75,lightgbm,961297,"{""n_estimators"": 300, ""learning_rate"": 0.01, ""num_leaves"": 127, ""max_depth"": 5, ""min_child_samples"": 40, ""subsample"": 0.9, ""colsample_bytree"": 0.7, ""reg_alpha"": 0.0, ""reg_lambda"": 2.0}",2026-05-10T00:09:44.600400,0.8115166591268309,0.0043888744938439,0.8040693558333956,0.8174431573424694,/Users/kunalgurung/Desktop/UTS SEM4/36126/project/submissions/santander_1000_models/santander_model_0075.csv,True,COMPLETE,0.81146,0.80607,35.94646406173706,,2026-05-10T00:10:20.546857,0.0054466591268309,0.0054466591268309,0.00539,0.00539,lightgbm,,,
santander,154,lightgbm,475502,"{""n_estimators"": 500, ""learning_rate"": 0.01, ""num_leaves"": 63, ""max_depth"": 3, ""min_child_samples"": 40, ""subsample"": 0.9, ""colsample_bytree"": 1.0, ""reg_alpha"": 0.1, ""reg_lambda"": 0.0}",2026-05-10T02:15:41.051608,0.8104983057367379,0.0044454062663112,0.8026905909584927,0.8162879555761229,/Users/kunalgurung/Desktop/UTS SEM4/36126/project/submissions/santander_1000_models/santander_model_0154.csv,True,,,,46.81208920478821,,2026-05-10T02:16:27.863688,,,,,lightgbm,,,2026-05-16 14:28:37.656347
santander,222,lightgbm,945901,"{""n_estimators"": 300, ""learning_rate"": 0.01, ""num_leaves"": 31, ""max_depth"": 5, ""min_child_samples"": 80, ""subsample"": 1.0, ""colsample_bytree"": 1.0, ""reg_alpha"": 0.01, ""reg_lambda"": 5.0}",2026-05-10T04:18:40.864509,0.8095108591882774,0.0046573016925501,0.8009708267998528,0.8149885843859189,/Users/kunalgurung/Desktop/UTS SEM4/36126/project/submissions/santander_1000_models/santander_model_0222.csv,True,,,,47.83000707626343,,2026-05-10T04:19:28.694508,,,,,lightgbm,,,2026-05-16 14:30:15.030488
santander,244,lightgbm,362324,"{""n_estimators"": 300, ""learning_rate"": 0.01, ""num_leaves"": 15, ""max_depth"": 5, ""min_child_samples"": 120, ""subsample"": 0.9, ""colsample_bytree"": 0.8, ""reg_alpha"": 0.5, ""reg_lambda"": 0.1}",2026-05-10T04:50:16.322504,0.8079341121473804,0.0042751864972304,0.800471095052807,0.8135185721412684,/Users/kunalgurung/Desktop/UTS SEM4/36126/project/submissions/santander_1000_models/santander_model_0244.csv,True,,,,41.8581280708313,,2026-05-10T04:50:58.180624,,,,,lightgbm,,,2026-05-16 14:50:35.806109
santander,145,lightgbm,293651,"{""n_estimators"": 300, ""learning_rate"": 0.01, ""num_leaves"": 15, ""max_depth"": 5, ""min_child_samples"": 10, ""subsample"": 1.0, ""colsample_bytree"": 0.7, ""reg_alpha"": 0.01, ""reg_lambda"": 1.0}",2026-05-10T02:06:30.701826,0.8078930760394412,0.0048571393144866,0.7992404638840263,0.8139569168956557,/Users/kunalgurung/Desktop/UTS SEM4/36126/project/submissions/santander_1000_models/santander_model_0145.csv,True,,,,38.24444103240967,,2026-05-10T02:07:08.946258,,,,,lightgbm,,,2026-05-16 14:52:14.172572
santander,168,lightgbm,942622,"{""n_estimators"": 300, ""learning_rate"": 0.01, ""num_leaves"": 127, ""max_depth"": 3, ""min_child_samples"": 40, ""subsample"": 0.8, ""colsample_bytree"": 0.7, ""reg_alpha"": 1.0, ""reg_lambda"": 0.0}",2026-05-10T02:39:50.183489,0.7862335877325928,0.0054137461214777,0.7767276250763968,0.7930871272989942,/Users/kunalgurung/Desktop/UTS SEM4/36126/project/submissions/santander_1000_models/santander_model_0168.csv,True,,,,31.432290077209473,,2026-05-10T02:40:21.615770,,,,,lightgbm,,,2026-05-16 14:53:59.739807
santander,143,lightgbm,470276,"{""n_estimators"": 300, ""learning_rate"": 0.01, ""num_leaves"": 63, ""max_depth"": 3, ""min_child_samples"": 10, ""subsample"": 0.8, ""colsample_bytree"": 0.8, ""reg_alpha"": 0.01, ""reg_lambda"": 5.0}",2026-05-10T02:03:45.858954,0.78545270581918,0.0055232272257481,0.775798387855055,0.7927069087961529,/Users/kunalgurung/Desktop/UTS SEM4/36126/project/submissions/santander_1000_models/santander_model_0143.csv,True,,,,30.89548110961914,,2026-05-10T02:04:16.754426,,,,,lightgbm,,,2026-05-16 14:55:35.809068
santander,52,lightgbm,357861,"{""n_estimators"": 300, ""learning_rate"": 0.01, ""num_leaves"": 127, ""max_depth"": 3, ""min_child_samples"": 20, ""subsample"": 1.0, ""colsample_bytree"": 0.5, ""reg_alpha"": 1.0, ""reg_lambda"": 5.0}",2026-05-09T23:32:46.439922,0.7853534847079856,0.0058416124427771,0.7750147297144074,0.7928098736194704,/Users/kunalgurung/Desktop/UTS SEM4/36126/project/submissions/santander_1000_models/santander_model_0052.csv,True,COMPLETE,0.78596,0.78164,23.459999084472656,,2026-05-09T23:33:09.899912,0.0037134847079856,0.0037134847079856,0.0043199999999999,0.0043199999999999,lightgbm,,,
santander,944,logistic_regression,954872,"{""C"": 0.001, ""penalty"": ""l2"", ""solver"": ""lbfgs"", ""max_iter"": 1000}",2026-05-12T03:57:53.335951,0.8595474021559957,0.0023876326453003,0.8557313902969864,0.8626010690901329,/Users/kunalgurung/Desktop/UTS SEM4/36126/project/submissions/santander_1000_models/santander_model_0944.csv,True,,,,14.04088282585144,,2026-05-12T03:58:07.376825,,,,,logistic_regression,,,2026-05-16 14:57:11.251528
santander,951,logistic_regression,557072,"{""C"": 0.003, ""penalty"": ""l2"", ""solver"": ""liblinear"", ""max_iter"": 1000}",2026-05-12T03:59:46.049670,0.8595232943628162,0.0023841669283789,0.8557163529213301,0.862572764914584,/Users/kunalgurung/Desktop/UTS SEM4/36126/project/submissions/santander_1000_models/santander_model_0951.csv,True,,,,15.603604316711426,,2026-05-12T04:00:01.653267,,,,,logistic_regression,,,2026-05-16 14:58:47.068725
santander,970,logistic_regression,225077,"{""C"": 0.003, ""penalty"": ""l2"", ""solver"": ""lbfgs"", ""max_iter"": 1000}",2026-05-12T04:05:20.891070,0.8595142327753766,0.00238552386443,0.8557047378449608,0.8625511547145859,/Users/kunalgurung/Desktop/UTS SEM4/36126/project/submissions/santander_1000_models/santander_model_0970.csv,True,,,,12.060817003250122,,2026-05-12T04:05:32.951877,,,,,logistic_regression,,,2026-05-16 15:00:23.554405
santander,930,logistic_regression,819738,"{""C"": 0.01, ""penalty"": ""l2"", ""solver"": ""liblinear"", ""max_iter"": 1000}",2026-05-12T03:53:38.329033,0.8595048984186293,0.0023796065436298,0.855709625856266,0.8625408578864912,/Users/kunalgurung/Desktop/UTS SEM4/36126/project/submissions/santander_1000_models/santander_model_0930.csv,True,,,,16.9151611328125,,2026-05-12T03:53:55.244187,,,,,logistic_regression,,,2026-05-16 15:02:00.090197
santander,937,logistic_regression,550964,"{""C"": 0.01, ""penalty"": ""l2"", ""solver"": ""liblinear"", ""max_iter"": 1000}",2026-05-12T03:55:46.761366,0.8595048984186293,0.0023796065436298,0.855709625856266,0.8625408578864912,/Users/kunalgurung/Desktop/UTS SEM4/36126/project/submissions/santander_1000_models/santander_model_0937.csv,True,,,,15.02968406677246,,2026-05-12T03:56:01.791042,,,,,logistic_regression,,,2026-05-16 15:58:11.942457
santander,974,logistic_regression,147153,"{""C"": 0.3, ""penalty"": ""l1"", ""solver"": ""liblinear"", ""max_iter"": 1000}",2026-05-12T04:06:25.814008,0.8594937545627598,0.0023778058073635,0.8557001332968287,0.8625171108699174,/Users/kunalgurung/Desktop/UTS SEM4/36126/project/submissions/santander_1000_models/santander_model_0974.csv,True,,,,22.908824920654297,,2026-05-12T04:06:48.722826,,,,,logistic_regression,3.317462460294962e-08,,2026-05-16 15:59:47.585622
santander,935,logistic_regression,41345,"{""C"": 0.3, ""penalty"": ""l1"", ""solver"": ""liblinear"", ""max_iter"": 1000}",2026-05-12T03:55:05.510234,0.8594937282881185,0.0023777490419772,0.8557002162616599,0.8625170348020136,/Users/kunalgurung/Desktop/UTS SEM4/36126/project/submissions/santander_1000_models/santander_model_0935.csv,True,,,,20.507110834121704,,2026-05-12T03:55:26.017337,,,,,logistic_regression,6.899983362451678e-09,,2026-05-16 16:01:23.157795
santander,978,logistic_regression,439098,"{""C"": 0.3, ""penalty"": ""l1"", ""solver"": ""liblinear"", ""max_iter"": 1000}",2026-05-12T04:07:46.360028,0.8594937213881352,0.0023779120964992,0.8556999950221101,0.8625174220567975,/Users/kunalgurung/Desktop/UTS SEM4/36126/project/submissions/santander_1000_models/santander_model_0978.csv,True,,,,19.51944899559021,,2026-05-12T04:08:05.879466,,,,,logistic_regression,0.0,,2026-05-16 16:02:59.878831
santander,945,logistic_regression,511270,"{""C"": 0.3, ""penalty"": ""l1"", ""solver"": ""liblinear"", ""max_iter"": 1000}",2026-05-12T03:58:07.391376,0.8594937061592738,0.0023777639219482,0.8557001402105648,0.8625169656493735,/Users/kunalgurung/Desktop/UTS SEM4/36126/project/submissions/santander_1000_models/santander_model_0945.csv,True,,,,22.682373046875,,2026-05-12T03:58:30.073741,,,,,logistic_regression,1.5228861394156468e-08,,2026-05-16 16:18:08.875266
santander,940,logistic_regression,101769,"{""C"": 0.3, ""penalty"": ""l1"", ""solver"": ""liblinear"", ""max_iter"": 1000}",2026-05-12T03:56:36.703363,0.8594936826470704,0.0023776444366455,0.8557003337951709,0.8625168411746215,/Users/kunalgurung/Desktop/UTS SEM4/36126/project/submissions/santander_1000_models/santander_model_0940.csv,True,,,,21.69294786453247,,2026-05-12T03:56:58.396302,,,,,logistic_regression,3.8741064800618126e-08,,2026-05-16 19:03:59.674997
santander,953,logistic_regression,586167,"{""C"": 0.001, ""penalty"": ""l1"", ""solver"": ""liblinear"", ""max_iter"": 1000}",2026-05-12T04:00:23.000661,0.8355128340361556,0.0035393323609606,0.8294424210243945,0.8400939593516219,/Users/kunalgurung/Desktop/UTS SEM4/36126/project/submissions/santander_1000_models/santander_model_0953.csv,True,,,,16.828487873077393,,2026-05-12T04:00:39.829141,,,,,logistic_regression,,,2026-05-16 19:05:43.043393
santander,943,logistic_regression,678860,"{""C"": 0.001, ""penalty"": ""l1"", ""solver"": ""liblinear"", ""max_iter"": 1000}",2026-05-12T03:57:34.656468,0.835512735846436,0.0035390444819641,0.8294428496760222,0.84009348911367,/Users/kunalgurung/Desktop/UTS SEM4/36126/project/submissions/santander_1000_models/santander_model_0943.csv,True,,,,18.663763999938965,,2026-05-12T03:57:53.320225,,,,,logistic_regression,,,2026-05-16 19:07:19.571684
santander,942,logistic_regression,474056,"{""C"": 0.001, ""penalty"": ""l1"", ""solver"": ""liblinear"", ""max_iter"": 1000}",2026-05-12T03:57:16.802183,0.8355127317067514,0.0035392400861856,0.8294425247304336,0.8400938625379257,/Users/kunalgurung/Desktop/UTS SEM4/36126/project/submissions/santander_1000_models/santander_model_0942.csv,True,,,,17.83887505531311,,2026-05-12T03:57:34.641050,,,,,logistic_regression,,,2026-05-16 19:08:57.782727
santander,963,logistic_regression,431966,"{""C"": 0.001, ""penalty"": ""l1"", ""solver"": ""liblinear"", ""max_iter"": 1000}",2026-05-12T04:03:26.061592,0.8355127081820182,0.0035392843132534,0.8294424417656022,0.8400938141310778,/Users/kunalgurung/Desktop/UTS SEM4/36126/project/submissions/santander_1000_models/santander_model_0963.csv,True,,,,17.89155077934265,,2026-05-12T04:03:43.953136,,,,,logistic_regression,,,2026-05-16 19:10:35.369366
santander,941,logistic_regression,323093,"{""C"": 0.001, ""penalty"": ""l1"", ""solver"": ""liblinear"", ""max_iter"": 1000}",2026-05-12T03:56:58.412437,0.8355127026583642,0.0035392000038289,0.8294425385579052,0.8400936689105337,/Users/kunalgurung/Desktop/UTS SEM4/36126/project/submissions/santander_1000_models/santander_model_0941.csv,True,,,,18.372318029403687,,2026-05-12T03:57:16.784749,,,,,logistic_regression,,,2026-05-16 19:12:13.423778
santander,472,xgboost,572163,"{""n_estimators"": 1100, ""learning_rate"": 0.07, ""max_depth"": 3, ""min_child_weight"": 2.0, ""gamma"": 0.05, ""subsample"": 0.6, ""colsample_bytree"": 1.0, ""reg_alpha"": 0.0, ""reg_lambda"": 2.0}",2026-05-10T11:45:17.905582,0.894660608312468,0.0027563819141235,0.8892790010481224,0.8968446300406024,/Users/kunalgurung/Desktop/UTS SEM4/36126/project/submissions/santander_1000_models/santander_model_0472.csv,True,,,,135.46875500679016,,2026-05-10T11:47:33.374326,,,,,xgboost,,,2026-05-16 19:13:50.358529
santander,462,xgboost,617781,"{""n_estimators"": 1100, ""learning_rate"": 0.07, ""max_depth"": 3, ""min_child_weight"": 3.0, ""gamma"": 0.01, ""subsample"": 0.6, ""colsample_bytree"": 0.6, ""reg_alpha"": 0.5, ""reg_lambda"": 0.5}",2026-05-10T11:28:01.910177,0.8944700796246151,0.0024230426262493,0.8897197309727073,0.8961424748799058,/Users/kunalgurung/Desktop/UTS SEM4/36126/project/submissions/santander_1000_models/santander_model_0462.csv,True,,,,125.41533422470091,,2026-05-10T11:30:07.325500,,,,,xgboost,,,2026-05-16 19:15:35.366544
santander,479,xgboost,197101,"{""n_estimators"": 1100, ""learning_rate"": 0.07, ""max_depth"": 4, ""min_child_weight"": 3.0, ""gamma"": 0.0, ""subsample"": 0.8, ""colsample_bytree"": 0.5, ""reg_alpha"": 0.01, ""reg_lambda"": 1.0}",2026-05-10T12:00:49.979271,0.8939515520023267,0.0025590857666196,0.8890703099289545,0.8960254556843354,/Users/kunalgurung/Desktop/UTS SEM4/36126/project/submissions/santander_1000_models/santander_model_0479.csv,True,,,,149.4167981147766,,2026-05-10T12:03:19.396057,,,,,xgboost,,,2026-05-16 19:17:17.076116
santander,371,xgboost,359995,"{""n_estimators"": 1100, ""learning_rate"": 0.07, ""max_depth"": 4, ""min_child_weight"": 8.0, ""gamma"": 0.01, ""subsample"": 0.7, ""colsample_bytree"": 0.6, ""reg_alpha"": 0.5, ""reg_lambda"": 0.5}",2026-05-10T08:35:54.844863,0.8937565295642159,0.0026526461558034,0.8886079953207834,0.8960674981125502,/Users/kunalgurung/Desktop/UTS SEM4/36126/project/submissions/santander_1000_models/santander_model_0371.csv,True,,,,144.16986513137817,,2026-05-10T08:38:19.014715,,,,,xgboost,,,2026-05-16 19:18:55.155849
santander,412,xgboost,725993,"{""n_estimators"": 1100, ""learning_rate"": 0.07, ""max_depth"": 4, ""min_child_weight"": 8.0, ""gamma"": 0.05, ""subsample"": 0.6, ""colsample_bytree"": 0.5, ""reg_alpha"": 0.1, ""reg_lambda"": 1.0}",2026-05-10T09:53:07.460853,0.8936174939746351,0.0024488105981458,0.8888098591257168,0.8955687050529884,/Users/kunalgurung/Desktop/UTS SEM4/36126/project/submissions/santander_1000_models/santander_model_0412.csv,True,,,,143.18572211265564,,2026-05-10T09:55:30.646566,,,,,xgboost,,,2026-05-16 19:20:31.095980
santander,571,xgboost,273666,"{""n_estimators"": 1100, ""learning_rate"": 0.03, ""max_depth"": 6, ""min_child_weight"": 10.0, ""gamma"": 0.05, ""subsample"": 0.6, ""colsample_bytree"": 0.9, ""reg_alpha"": 0.0, ""reg_lambda"": 1.0}",2026-05-10T15:14:24.698415,0.893166464788985,0.0027354653453644,0.888079848119049,0.89553218482352,/Users/kunalgurung/Desktop/UTS SEM4/36126/project/submissions/santander_1000_models/santander_model_0571.csv,True,,,,206.805059671402,,2026-05-10T15:17:51.503470,,,,,xgboost,,,2026-05-16 19:22:09.534151
santander,532,xgboost,314941,"{""n_estimators"": 1100, ""learning_rate"": 0.05, ""max_depth"": 4, ""min_child_weight"": 10.0, ""gamma"": 0.01, ""subsample"": 0.8, ""colsample_bytree"": 0.6, ""reg_alpha"": 0.0, ""reg_lambda"": 1.0}",2026-05-10T13:52:32.617659,0.8931111037789883,0.002688219664786,0.8881483425009471,0.8955745035018515,/Users/kunalgurung/Desktop/UTS SEM4/36126/project/submissions/santander_1000_models/santander_model_0532.csv,True,,,,151.0776538848877,,2026-05-10T13:55:03.695303,,,,,xgboost,,,2026-05-16 19:23:45.887750
santander,442,xgboost,721529,"{""n_estimators"": 1100, ""learning_rate"": 0.05, ""max_depth"": 5, ""min_child_weight"": 2.0, ""gamma"": 0.3, ""subsample"": 0.7, ""colsample_bytree"": 0.7, ""reg_alpha"": 0.5, ""reg_lambda"": 5.0}",2026-05-10T10:50:45.503692,0.8930349058405124,0.0030115329727205,0.887348606467385,0.8955796026814233,/Users/kunalgurung/Desktop/UTS SEM4/36126/project/submissions/santander_1000_models/santander_model_0442.csv,True,,,,169.0141520500183,,2026-05-10T10:53:34.517835,,,,,xgboost,,,2026-05-16 19:25:24.161286
santander,445,xgboost,858966,"{""n_estimators"": 500, ""learning_rate"": 0.03, ""max_depth"": 6, ""min_child_weight"": 5.0, ""gamma"": 0.0, ""subsample"": 0.8, ""colsample_bytree"": 0.5, ""reg_alpha"": 0.0, ""reg_lambda"": 2.0}",2026-05-10T10:55:45.973311,0.8788325176805868,0.0035923821280295,0.871986572142069,0.8825069849871486,/Users/kunalgurung/Desktop/UTS SEM4/36126/project/submissions/santander_1000_models/santander_model_0445.csv,True,,,,97.10449719429016,,2026-05-10T10:57:23.077799,,,,,xgboost,0.0005244099610316,,2026-05-16 19:27:01.332968
santander,585,xgboost,169283,"{""n_estimators"": 700, ""learning_rate"": 0.02, ""max_depth"": 6, ""min_child_weight"": 3.0, ""gamma"": 0.05, ""subsample"": 0.8, ""colsample_bytree"": 0.7, ""reg_alpha"": 0.01, ""reg_lambda"": 2.0}",2026-05-10T15:39:33.718995,0.8784978990122434,0.0036819829805172,0.8713364562678547,0.8816375080987251,/Users/kunalgurung/Desktop/UTS SEM4/36126/project/submissions/santander_1000_models/santander_model_0585.csv,True,,,,133.8007071018219,,2026-05-10T15:41:47.519694,,,,,xgboost,0.0001897912926882,,2026-05-16 19:28:38.051188
santander,563,xgboost,476174,"{""n_estimators"": 700, ""learning_rate"": 0.03, ""max_depth"": 4, ""min_child_weight"": 8.0, ""gamma"": 0.05, ""subsample"": 0.7, ""colsample_bytree"": 0.7, ""reg_alpha"": 0.0, ""reg_lambda"": 5.0}",2026-05-10T14:59:11.406121,0.8784560083224908,0.0039309488619899,0.8711263582034242,0.8821980697714039,/Users/kunalgurung/Desktop/UTS SEM4/36126/project/submissions/santander_1000_models/santander_model_0563.csv,True,,,,89.44865989685059,,2026-05-10T15:00:40.854775,,,,,xgboost,0.0001479006029356,,2026-05-16 19:30:13.553947
santander,676,xgboost,286744,"{""n_estimators"": 300, ""learning_rate"": 0.07, ""max_depth"": 5, ""min_child_weight"": 10.0, ""gamma"": 0.1, ""subsample"": 0.8, ""colsample_bytree"": 0.8, ""reg_alpha"": 0.01, ""reg_lambda"": 1.0}",2026-05-10T18:40:31.901101,0.8784067676147191,0.0038964863041316,0.8710536049601907,0.8824563445088818,/Users/kunalgurung/Desktop/UTS SEM4/36126/project/submissions/santander_1000_models/santander_model_0676.csv,True,,,,58.0782458782196,,2026-05-10T18:41:29.979340,,,,,xgboost,9.865989516399942e-05,,2026-05-16 19:31:49.811503
santander,441,xgboost,120610,"{""n_estimators"": 700, ""learning_rate"": 0.02, ""max_depth"": 6, ""min_child_weight"": 3.0, ""gamma"": 0.05, ""subsample"": 0.8, ""colsample_bytree"": 0.5, ""reg_alpha"": 0.5, ""reg_lambda"": 0.1}",2026-05-10T10:48:36.604893,0.8783128460502152,0.0038072851445252,0.8712924883641824,0.8819078430566173,/Users/kunalgurung/Desktop/UTS SEM4/36126/project/submissions/santander_1000_models/santander_model_0441.csv,True,,,,128.88625717163086,,2026-05-10T10:50:45.491141,,,,,xgboost,4.73833066005902e-06,,2026-05-16 19:33:27.169461
santander,387,xgboost,45845,"{""n_estimators"": 300, ""learning_rate"": 0.07, ""max_depth"": 5, ""min_child_weight"": 5.0, ""gamma"": 0.1, ""subsample"": 0.9, ""colsample_bytree"": 0.6, ""reg_alpha"": 0.0, ""reg_lambda"": 0.1}",2026-05-10T09:05:38.615699,0.878303369388895,0.0032528678437446,0.8723910395216801,0.8814725375607578,/Users/kunalgurung/Desktop/UTS SEM4/36126/project/submissions/santander_1000_models/santander_model_0387.csv,True,,,,57.817665815353394,,2026-05-10T09:06:36.433355,,,,,xgboost,4.7383306601700426e-06,,2026-05-16 19:35:02.325253
santander,618,xgboost,390625,"{""n_estimators"": 1100, ""learning_rate"": 0.01, ""max_depth"": 7, ""min_child_weight"": 2.0, ""gamma"": 0.3, ""subsample"": 0.7, ""colsample_bytree"": 1.0, ""reg_alpha"": 0.0, ""reg_lambda"": 1.0}",2026-05-10T16:46:50.981400,0.8779741152660563,0.003285797795901,0.8717042013390525,0.8809856718565192,/Users/kunalgurung/Desktop/UTS SEM4/36126/project/submissions/santander_1000_models/santander_model_0618.csv,True,,,,266.4734330177307,,2026-05-10T16:51:17.454824,,,,,xgboost,0.0003339924534988,,2026-05-16 19:36:39.423224
santander,681,xgboost,812507,"{""n_estimators"": 700, ""learning_rate"": 0.03, ""max_depth"": 4, ""min_child_weight"": 2.0, ""gamma"": 0.3, ""subsample"": 0.8, ""colsample_bytree"": 0.9, ""reg_alpha"": 0.0, ""reg_lambda"": 2.0}",2026-05-10T18:50:58.662399,0.8779215836797327,0.0033849499876274,0.8714492988089015,0.8812655256753069,/Users/kunalgurung/Desktop/UTS SEM4/36126/project/submissions/santander_1000_models/santander_model_0681.csv,True,,,,93.36855387687685,,2026-05-10T18:52:32.030944,,,,,xgboost,0.0003865240398224,,2026-05-16 19:38:14.900549
santander,505,xgboost,434245,"{""n_estimators"": 300, ""learning_rate"": 0.07, ""max_depth"": 7, ""min_child_weight"": 1.0, ""gamma"": 0.3, ""subsample"": 1.0, ""colsample_bytree"": 0.9, ""reg_alpha"": 0.01, ""reg_lambda"": 2.0}",2026-05-10T12:54:39.042420,0.8778256765050176,0.0034873296327709,0.8710797630800969,0.8809054720822875,/Users/kunalgurung/Desktop/UTS SEM4/36126/project/submissions/santander_1000_models/santander_model_0505.csv,True,,,,86.82727670669556,,2026-05-10T12:56:05.869687,,,,,xgboost,0.0004824312145375,,2026-05-16 19:39:50.966660
santander,459,xgboost,694114,"{""n_estimators"": 300, ""learning_rate"": 0.01, ""max_depth"": 6, ""min_child_weight"": 5.0, ""gamma"": 0.0, ""subsample"": 1.0, ""colsample_bytree"": 0.5, ""reg_alpha"": 1.0, ""reg_lambda"": 2.0}",2026-05-10T11:22:05.989368,0.8216023223461362,0.0040318611957325,0.8143488297810558,0.8262665985439398,/Users/kunalgurung/Desktop/UTS SEM4/36126/project/submissions/santander_1000_models/santander_model_0459.csv,True,,,,60.654746294021606,,2026-05-10T11:23:06.644105,,,,,xgboost,,,2026-05-16 19:41:26.985989
santander,619,xgboost,901880,"{""n_estimators"": 300, ""learning_rate"": 0.02, ""max_depth"": 3, ""min_child_weight"": 2.0, ""gamma"": 0.01, ""subsample"": 0.9, ""colsample_bytree"": 0.6, ""reg_alpha"": 0.0, ""reg_lambda"": 0.1}",2026-05-10T16:51:17.468869,0.8206759462048077,0.0042351610860997,0.8130095596226761,0.8254430805000557,/Users/kunalgurung/Desktop/UTS SEM4/36126/project/submissions/santander_1000_models/santander_model_0619.csv,True,,,,45.719106912612915,,2026-05-10T16:52:03.187968,,,,,xgboost,,,2026-05-16 19:43:03.864949
santander,455,xgboost,44865,"{""n_estimators"": 300, ""learning_rate"": 0.01, ""max_depth"": 5, ""min_child_weight"": 8.0, ""gamma"": 0.01, ""subsample"": 0.6, ""colsample_bytree"": 1.0, ""reg_alpha"": 0.5, ""reg_lambda"": 2.0}",2026-05-10T11:15:15.485042,0.8180504122613474,0.0042902550621521,0.8103582732529682,0.8230072479089435,/Users/kunalgurung/Desktop/UTS SEM4/36126/project/submissions/santander_1000_models/santander_model_0455.csv,True,,,,56.21327805519104,,2026-05-10T11:16:11.698310,,,,,xgboost,,,2026-05-16 19:44:39.661293
santander,630,xgboost,336705,"{""n_estimators"": 300, ""learning_rate"": 0.01, ""max_depth"": 5, ""min_child_weight"": 2.0, ""gamma"": 0.01, ""subsample"": 1.0, ""colsample_bytree"": 0.5, ""reg_alpha"": 0.01, ""reg_lambda"": 0.1}",2026-05-10T17:10:51.299803,0.8132794936141504,0.004250868457594,0.8062017352094447,0.8190061625997505,/Users/kunalgurung/Desktop/UTS SEM4/36126/project/submissions/santander_1000_models/santander_model_0630.csv,True,,,,54.74419999122619,,2026-05-10T17:11:46.043995,,,,,xgboost,,,2026-05-16 19:46:15.707861
santander,631,xgboost,482848,"{""n_estimators"": 500, ""learning_rate"": 0.01, ""max_depth"": 3, ""min_child_weight"": 10.0, ""gamma"": 0.0, ""subsample"": 0.9, ""colsample_bytree"": 1.0, ""reg_alpha"": 0.1, ""reg_lambda"": 0.5}",2026-05-10T17:11:46.060631,0.8123289100461278,0.0040340823187175,0.8053206452451471,0.8175524600052422,/Users/kunalgurung/Desktop/UTS SEM4/36126/project/submissions/santander_1000_models/santander_model_0631.csv,True,,,,64.40967202186584,,2026-05-10T17:12:50.470295,,,,,xgboost,,,2026-05-16 19:47:52.388192
santander,385,xgboost,733795,"{""n_estimators"": 300, ""learning_rate"": 0.01, ""max_depth"": 4, ""min_child_weight"": 3.0, ""gamma"": 0.1, ""subsample"": 0.7, ""colsample_bytree"": 0.5, ""reg_alpha"": 0.01, ""reg_lambda"": 1.0}",2026-05-10T09:02:02.624316,0.805392594200734,0.0048776270546742,0.797070480698232,0.811585980599545,/Users/kunalgurung/Desktop/UTS SEM4/36126/project/submissions/santander_1000_models/santander_model_0385.csv,False,,,,47.27561092376709,,2026-05-10T09:02:49.899917,,,,,xgboost,,"Warning: Looks like you're using an outdated `kaggle` version (installed: 2.0.0), please consider upgrading to the latest version (2.0.2)
429 Client Error: Too Many Requests for url: https://api.kaggle.com/v1/competitions.CompetitionApiService/CreateSubmission


  0%|          | 0.00/4.31M [00:00<?, ?B/s]
  0%|          | 16.0k/4.31M [00:00<00:51, 88.0kB/s]
  4%|▍         | 192k/4.31M [00:00<00:05, 789kB/s]  
 10%|█         | 448k/4.31M [00:00<00:02, 1.46MB/s]
 14%|█▍        | 624k/4.31M [00:00<00:02, 1.42MB/s]
 18%|█▊        | 784k/4.31M [00:00<00:05, 735kB/s] 
 21%|██        | 928k/4.31M [00:01<00:04, 810kB/s]
 24%|██▎       | 1.02M/4.31M [00:01<00:04, 783kB/s]
 40%|███▉      | 1.72M/4.31M [00:01<00:01, 2.08MB/s]
 58%|█████▊    | 2.50M/4.31M [00:01<00:00, 3.39MB/s]
 73%|███████▎  | 3.14M/4.31M [00:01<00:00, 3.99MB/s]
 96%|█████████▌| 4.12M/4.31M [00:01<00:00, 5.50MB/s]
100%|██████████| 4.31M/4.31M [00:03<00:00, 1.24MB/s]
",2026-05-16 21:13:22.896428
santander,576,xgboost,124873,"{""n_estimators"": 300, ""learning_rate"": 0.01, ""max_depth"": 3, ""min_child_weight"": 2.0, ""gamma"": 0.05, ""subsample"": 0.7, ""colsample_bytree"": 0.6, ""reg_alpha"": 0.1, ""reg_lambda"": 1.0}",2026-05-10T15:24:25.705903,0.7909275855151575,0.0055708614118086,0.7813906530438414,0.7981447543030559,/Users/kunalgurung/Desktop/UTS SEM4/36126/project/submissions/santander_1000_models/santander_model_0576.csv,False,,,,46.72046399116516,,2026-05-10T15:25:12.426362,,,,,xgboost,,,
santander,484,xgboost,763003,"{""n_estimators"": 300, ""learning_rate"": 0.01, ""max_depth"": 3, ""min_child_weight"": 8.0, ""gamma"": 0.1, ""subsample"": 1.0, ""colsample_bytree"": 0.5, ""reg_alpha"": 0.0, ""reg_lambda"": 5.0}",2026-05-10T12:11:22.811559,0.7862118119338402,0.0056823893095233,0.7758164638176543,0.7926231372880653,/Users/kunalgurung/Desktop/UTS SEM4/36126/project/submissions/santander_1000_models/santander_model_0484.csv,False,,,,44.665581703186035,,2026-05-10T12:12:07.477131,,,,,xgboost,,,
