competition,model_id,model_family,seed,params_json,started_at,cv_auc_mean,cv_auc_std,cv_auc_min,cv_auc_max,submission_path,submitted_to_kaggle,kaggle_status,public_auc,private_auc,runtime_seconds,error,finished_at,submission_family,distance_to_median,submission_error,submission_attempted_at
porto,920,extra_trees,909793,"{""n_estimators"": 500, ""max_depth"": null, ""min_samples_split"": 10, ""min_samples_leaf"": 8, ""max_features"": ""log2"", ""bootstrap"": false}",2026-05-13T15:29:21.068975,0.6263978691164899,0.003539178872546,0.6206402306971461,0.6315153098773492,/Users/kunalgurung/Desktop/UTS SEM4/36126/project/submissions/porto_1000_models/porto_model_0920.csv,True,,,,408.37382459640503,,2026-05-13T15:36:09.442803,bagging_trees,,,2026-05-16 04:25:46.002392
porto,897,extra_trees,102363,"{""n_estimators"": 500, ""max_depth"": null, ""min_samples_split"": 2, ""min_samples_leaf"": 8, ""max_features"": ""log2"", ""bootstrap"": false}",2026-05-13T12:35:30.137899,0.6259857413872545,0.0032267047569025,0.6202919259296026,0.6298482254763194,/Users/kunalgurung/Desktop/UTS SEM4/36126/project/submissions/porto_1000_models/porto_model_0897.csv,True,,,,426.073832988739,,2026-05-13T12:42:36.211724,bagging_trees,,,2026-05-16 04:26:12.001957
porto,893,extra_trees,969244,"{""n_estimators"": 500, ""max_depth"": null, ""min_samples_split"": 2, ""min_samples_leaf"": 8, ""max_features"": ""sqrt"", ""bootstrap"": false}",2026-05-13T12:02:54.460540,0.6258255337050611,0.0027078681536986,0.6210973206779828,0.6292158754960532,/Users/kunalgurung/Desktop/UTS SEM4/36126/project/submissions/porto_1000_models/porto_model_0893.csv,True,,,,538.5693340301514,,2026-05-13T12:11:53.029862,bagging_trees,,,2026-05-16 04:26:40.870373
porto,917,extra_trees,42067,"{""n_estimators"": 300, ""max_depth"": null, ""min_samples_split"": 20, ""min_samples_leaf"": 8, ""max_features"": ""log2"", ""bootstrap"": false}",2026-05-13T14:59:43.725600,0.6251737447183852,0.0032896164827053,0.62028291039172,0.6306472840976123,/Users/kunalgurung/Desktop/UTS SEM4/36126/project/submissions/porto_1000_models/porto_model_0917.csv,True,,,,260.6995139122009,,2026-05-13T15:04:04.425106,bagging_trees,,,2026-05-16 04:27:05.999124
porto,904,extra_trees,713196,"{""n_estimators"": 300, ""max_depth"": null, ""min_samples_split"": 2, ""min_samples_leaf"": 8, ""max_features"": ""log2"", ""bootstrap"": false}",2026-05-13T13:22:17.697466,0.6246504568840779,0.003027656652686,0.6205199143557255,0.6290141960351365,/Users/kunalgurung/Desktop/UTS SEM4/36126/project/submissions/porto_1000_models/porto_model_0904.csv,True,,,,257.72647190093994,,2026-05-13T13:26:35.423931,bagging_trees,,,2026-05-16 04:27:31.519241
porto,892,extra_trees,127386,"{""n_estimators"": 500, ""max_depth"": null, ""min_samples_split"": 5, ""min_samples_leaf"": 2, ""max_features"": ""sqrt"", ""bootstrap"": false}",2026-05-13T11:53:04.378753,0.6171423954168165,0.0029937619594361,0.6122482989963537,0.6204605052801055,/Users/kunalgurung/Desktop/UTS SEM4/36126/project/submissions/porto_1000_models/porto_model_0892.csv,True,,,,589.9525609016418,,2026-05-13T12:02:54.331314,bagging_trees,0.0,,2026-05-16 04:27:56.597910
porto,881,random_forest,795708,"{""n_estimators"": 300, ""max_depth"": null, ""min_samples_split"": 2, ""min_samples_leaf"": 4, ""max_features"": ""log2"", ""bootstrap"": true}",2026-05-13T10:52:20.730499,0.6168345181471577,0.0029302922570418,0.6113601439409486,0.619846193250748,/Users/kunalgurung/Desktop/UTS SEM4/36126/project/submissions/porto_1000_models/porto_model_0881.csv,True,,,,291.05673694610596,,2026-05-13T10:57:11.787220,bagging_trees,0.0003078772696587,,2026-05-16 04:28:21.800591
porto,879,extra_trees,50067,"{""n_estimators"": 300, ""max_depth"": null, ""min_samples_split"": 10, ""min_samples_leaf"": 1, ""max_features"": ""log2"", ""bootstrap"": false}",2026-05-13T10:43:25.812253,0.6167315284958618,0.0032052798073572,0.6134197693892117,0.6225337153262663,/Users/kunalgurung/Desktop/UTS SEM4/36126/project/submissions/porto_1000_models/porto_model_0879.csv,True,,,,279.82259607315063,,2026-05-13T10:48:05.634840,bagging_trees,0.0004108669209547,,2026-05-16 04:28:52.620903
porto,913,random_forest,579663,"{""n_estimators"": 500, ""max_depth"": null, ""min_samples_split"": 20, ""min_samples_leaf"": 2, ""max_features"": ""sqrt"", ""bootstrap"": false}",2026-05-13T14:24:44.952284,0.6166699064641576,0.0024619074959135,0.6129000990778881,0.6198822611156052,/Users/kunalgurung/Desktop/UTS SEM4/36126/project/submissions/porto_1000_models/porto_model_0913.csv,True,,,,885.8205811977386,,2026-05-13T14:39:30.772857,bagging_trees,0.0004724889526588,,2026-05-16 04:29:16.976567
porto,924,random_forest,250326,"{""n_estimators"": 500, ""max_depth"": null, ""min_samples_split"": 20, ""min_samples_leaf"": 2, ""max_features"": ""sqrt"", ""bootstrap"": false}",2026-05-13T15:51:33.244961,0.6165617087423032,0.00185301846704,0.6132866822078573,0.6189890696065307,/Users/kunalgurung/Desktop/UTS SEM4/36126/project/submissions/porto_1000_models/porto_model_0924.csv,True,,,,2000.032201051712,,2026-05-13T16:24:53.277156,bagging_trees,0.0005806866745132,,2026-05-16 04:29:47.933518
porto,852,extra_trees,211146,"{""n_estimators"": 300, ""max_depth"": null, ""min_samples_split"": 2, ""min_samples_leaf"": 1, ""max_features"": ""sqrt"", ""bootstrap"": false}",2026-05-13T07:49:28.135534,0.6046688078335952,0.0034693238411117,0.600163425561375,0.6108018621940495,/Users/kunalgurung/Desktop/UTS SEM4/36126/project/submissions/porto_1000_models/porto_model_0852.csv,True,,,,363.9203019142151,,2026-05-13T07:55:32.055831,bagging_trees,,,2026-05-16 04:30:14.389161
porto,856,random_forest,341859,"{""n_estimators"": 200, ""max_depth"": null, ""min_samples_split"": 5, ""min_samples_leaf"": 1, ""max_features"": ""log2"", ""bootstrap"": true}",2026-05-13T08:17:58.063661,0.6030541830444744,0.0027572620846369,0.5993565590319608,0.6063758243563615,/Users/kunalgurung/Desktop/UTS SEM4/36126/project/submissions/porto_1000_models/porto_model_0856.csv,True,,,,205.38004398345947,,2026-05-13T08:21:23.443699,bagging_trees,,,2026-05-16 04:30:39.608066
porto,885,random_forest,6325,"{""n_estimators"": 300, ""max_depth"": null, ""min_samples_split"": 2, ""min_samples_leaf"": 1, ""max_features"": ""log2"", ""bootstrap"": true}",2026-05-13T11:16:31.202880,0.602851699408656,0.0034458644299448,0.5988292304361177,0.6078013457551078,/Users/kunalgurung/Desktop/UTS SEM4/36126/project/submissions/porto_1000_models/porto_model_0885.csv,True,,,,305.01238989830017,,2026-05-13T11:21:36.215261,bagging_trees,,,2026-05-16 04:31:04.422283
porto,921,extra_trees,197120,"{""n_estimators"": 200, ""max_depth"": null, ""min_samples_split"": 2, ""min_samples_leaf"": 1, ""max_features"": ""sqrt"", ""bootstrap"": false}",2026-05-13T15:36:09.511995,0.5982191115505648,0.0038223175195911,0.5921768645517222,0.6029262297179964,/Users/kunalgurung/Desktop/UTS SEM4/36126/project/submissions/porto_1000_models/porto_model_0921.csv,True,,,,222.3583388328552,,2026-05-13T15:39:51.870316,bagging_trees,,,2026-05-16 04:31:26.479629
porto,887,random_forest,396360,"{""n_estimators"": 200, ""max_depth"": null, ""min_samples_split"": 2, ""min_samples_leaf"": 1, ""max_features"": ""log2"", ""bootstrap"": true}",2026-05-13T11:28:16.493960,0.5980154777273938,0.0034974843994129,0.5933572731260537,0.6030674369856568,/Users/kunalgurung/Desktop/UTS SEM4/36126/project/submissions/porto_1000_models/porto_model_0887.csv,True,,,,208.29988193511963,,2026-05-13T11:31:44.793834,bagging_trees,,,2026-05-16 13:55:45.238357
porto,847,catboost,253192,"{""iterations"": 700, ""learning_rate"": 0.05, ""depth"": 5, ""l2_leaf_reg"": 10.0, ""random_strength"": 1.0, ""bagging_temperature"": 2.0}",2026-05-13T07:33:31.504223,0.6407763196323957,0.0028287777575251,0.6354382244705259,0.6434142554154079,/Users/kunalgurung/Desktop/UTS SEM4/36126/project/submissions/porto_1000_models/porto_model_0847.csv,True,,,,113.48499703407288,,2026-05-13T07:35:24.989210,catboost,,,2026-05-16 13:56:11.736807
porto,782,catboost,127883,"{""iterations"": 900, ""learning_rate"": 0.02, ""depth"": 7, ""l2_leaf_reg"": 7.0, ""random_strength"": 0.5, ""bagging_temperature"": 0.0}",2026-05-13T05:35:23.407426,0.6407424868227902,0.0026013669855444,0.6357061589427032,0.6429566590725971,/Users/kunalgurung/Desktop/UTS SEM4/36126/project/submissions/porto_1000_models/porto_model_0782.csv,True,,,,186.73305201530457,,2026-05-13T05:38:30.140468,catboost,,,2026-05-16 13:56:42.128789
porto,702,catboost,809936,"{""iterations"": 700, ""learning_rate"": 0.05, ""depth"": 6, ""l2_leaf_reg"": 3.0, ""random_strength"": 2.0, ""bagging_temperature"": 2.0}",2026-05-13T02:53:51.429995,0.6405529625683954,0.0023891847972445,0.6358498489752737,0.6423814894999286,/Users/kunalgurung/Desktop/UTS SEM4/36126/project/submissions/porto_1000_models/porto_model_0702.csv,True,,,,137.6177477836609,,2026-05-13T02:56:09.047735,catboost,,,2026-05-16 13:57:09.591126
porto,780,catboost,84975,"{""iterations"": 500, ""learning_rate"": 0.07, ""depth"": 5, ""l2_leaf_reg"": 10.0, ""random_strength"": 1.0, ""bagging_temperature"": 0.0}",2026-05-13T05:30:58.012029,0.6402671708863098,0.0029342554154892,0.6346720363614827,0.6431037756156786,/Users/kunalgurung/Desktop/UTS SEM4/36126/project/submissions/porto_1000_models/porto_model_0780.csv,True,,,,98.1552848815918,,2026-05-13T05:32:36.167291,catboost,,,2026-05-16 13:57:38.777964
porto,746,catboost,908345,"{""iterations"": 500, ""learning_rate"": 0.07, ""depth"": 5, ""l2_leaf_reg"": 7.0, ""random_strength"": 1.0, ""bagging_temperature"": 0.0}",2026-05-13T04:24:12.718989,0.6401896907546543,0.0032708553438273,0.634032481699076,0.6428209530027221,/Users/kunalgurung/Desktop/UTS SEM4/36126/project/submissions/porto_1000_models/porto_model_0746.csv,True,,,,90.73839807510376,,2026-05-13T04:25:43.457379,catboost,,,2026-05-16 13:58:07.607141
porto,832,catboost,694798,"{""iterations"": 900, ""learning_rate"": 0.02, ""depth"": 8, ""l2_leaf_reg"": 3.0, ""random_strength"": 1.0, ""bagging_temperature"": 0.0}",2026-05-13T07:08:53.226029,0.640165204334739,0.0023999888719366,0.6355118396425666,0.6419511711473412,/Users/kunalgurung/Desktop/UTS SEM4/36126/project/submissions/porto_1000_models/porto_model_0832.csv,True,,,,195.1783139705658,,2026-05-13T07:12:08.404332,catboost,,,2026-05-16 13:58:36.549349
porto,834,catboost,143343,"{""iterations"": 700, ""learning_rate"": 0.07, ""depth"": 6, ""l2_leaf_reg"": 1.0, ""random_strength"": 5.0, ""bagging_temperature"": 1.0}",2026-05-13T07:13:36.470424,0.6375104599948012,0.0029507037524991,0.6318494697641092,0.6398265249770776,/Users/kunalgurung/Desktop/UTS SEM4/36126/project/submissions/porto_1000_models/porto_model_0834.csv,True,,,,139.06489825248718,,2026-05-13T07:15:55.535314,catboost,0.0001980997709709,,2026-05-16 13:59:03.279298
porto,779,catboost,618347,"{""iterations"": 300, ""learning_rate"": 0.07, ""depth"": 7, ""l2_leaf_reg"": 1.0, ""random_strength"": 5.0, ""bagging_temperature"": 1.0}",2026-05-13T05:29:50.286464,0.6375017896281087,0.0033849729105047,0.6309089765677329,0.6403913319334664,/Users/kunalgurung/Desktop/UTS SEM4/36126/project/submissions/porto_1000_models/porto_model_0779.csv,True,,,,67.71192812919617,,2026-05-13T05:30:57.998383,catboost,0.0001894294042784,,2026-05-16 13:59:28.944733
porto,831,catboost,58454,"{""iterations"": 500, ""learning_rate"": 0.02, ""depth"": 5, ""l2_leaf_reg"": 5.0, ""random_strength"": 0.5, ""bagging_temperature"": 0.0}",2026-05-13T07:07:22.537065,0.6374224087830704,0.0031772622395802,0.6316357209450678,0.6409782429541343,/Users/kunalgurung/Desktop/UTS SEM4/36126/project/submissions/porto_1000_models/porto_model_0831.csv,True,,,,90.66644811630248,,2026-05-13T07:08:53.203507,catboost,0.0001100485592402,,2026-05-16 13:59:54.827787
porto,849,catboost,416122,"{""iterations"": 500, ""learning_rate"": 0.03, ""depth"": 8, ""l2_leaf_reg"": 7.0, ""random_strength"": 5.0, ""bagging_temperature"": 0.5}",2026-05-13T07:37:19.840039,0.6373455138979055,0.0030347079861633,0.6317033746504498,0.6406685568041526,/Users/kunalgurung/Desktop/UTS SEM4/36126/project/submissions/porto_1000_models/porto_model_0849.csv,True,,,,103.89058208465576,,2026-05-13T07:39:03.730608,catboost,3.315367407530356e-05,,2026-05-16 14:00:26.954983
porto,747,catboost,250011,"{""iterations"": 500, ""learning_rate"": 0.02, ""depth"": 5, ""l2_leaf_reg"": 3.0, ""random_strength"": 0.5, ""bagging_temperature"": 2.0}",2026-05-13T04:25:43.477055,0.637279206549755,0.0030436042845709,0.63172362193711,0.6407842709373484,/Users/kunalgurung/Desktop/UTS SEM4/36126/project/submissions/porto_1000_models/porto_model_0747.csv,True,,,,97.97819423675536,,2026-05-13T04:27:21.455242,catboost,3.315367407519254e-05,,2026-05-16 14:00:54.517754
porto,728,catboost,951279,"{""iterations"": 300, ""learning_rate"": 0.03, ""depth"": 7, ""l2_leaf_reg"": 3.0, ""random_strength"": 1.0, ""bagging_temperature"": 0.0}",2026-05-13T03:53:21.573205,0.6371997411997649,0.0030950198808403,0.6313072455386485,0.6402918765692767,/Users/kunalgurung/Desktop/UTS SEM4/36126/project/submissions/porto_1000_models/porto_model_0728.csv,True,,,,65.99025201797485,,2026-05-13T03:54:27.563451,catboost,0.0001126190240653,,2026-05-16 14:01:21.157581
porto,738,catboost,415683,"{""iterations"": 500, ""learning_rate"": 0.03, ""depth"": 5, ""l2_leaf_reg"": 1.0, ""random_strength"": 2.0, ""bagging_temperature"": 2.0}",2026-05-13T04:10:14.785527,0.6370381627499135,0.0035165871169031,0.630470562634282,0.6400728051280689,/Users/kunalgurung/Desktop/UTS SEM4/36126/project/submissions/porto_1000_models/porto_model_0738.csv,True,,,,90.84132361412048,,2026-05-13T04:11:45.626835,catboost,0.0002741974739166,,2026-05-16 14:01:50.171306
porto,818,catboost,386374,"{""iterations"": 700, ""learning_rate"": 0.02, ""depth"": 4, ""l2_leaf_reg"": 3.0, ""random_strength"": 1.0, ""bagging_temperature"": 1.0}",2026-05-13T06:43:53.723188,0.6370358389461629,0.0034225231293517,0.6306650527212964,0.6404941929592313,/Users/kunalgurung/Desktop/UTS SEM4/36126/project/submissions/porto_1000_models/porto_model_0818.csv,True,,,,103.98627829551695,,2026-05-13T06:45:37.709458,catboost,0.0002765212776673,,2026-05-16 14:02:20.720226
porto,724,catboost,915138,"{""iterations"": 900, ""learning_rate"": 0.07, ""depth"": 8, ""l2_leaf_reg"": 3.0, ""random_strength"": 0.5, ""bagging_temperature"": 0.5}",2026-05-13T03:43:38.484896,0.6273395569687586,0.0020734139471525,0.6241679120161141,0.62959248696796,/Users/kunalgurung/Desktop/UTS SEM4/36126/project/submissions/porto_1000_models/porto_model_0724.csv,True,,,,176.27925300598145,,2026-05-13T03:46:34.764139,catboost,,,2026-05-16 14:02:57.613011
porto,844,catboost,538393,"{""iterations"": 700, ""learning_rate"": 0.01, ""depth"": 4, ""l2_leaf_reg"": 5.0, ""random_strength"": 5.0, ""bagging_temperature"": 0.0}",2026-05-13T07:29:35.558772,0.6272453148190202,0.0032818458325838,0.6217751014621231,0.6317314156805129,/Users/kunalgurung/Desktop/UTS SEM4/36126/project/submissions/porto_1000_models/porto_model_0844.csv,True,,,,111.23907613754272,,2026-05-13T07:31:26.797840,catboost,,,2026-05-16 14:03:26.241814
porto,709,catboost,26087,"{""iterations"": 500, ""learning_rate"": 0.01, ""depth"": 4, ""l2_leaf_reg"": 7.0, ""random_strength"": 2.0, ""bagging_temperature"": 0.5}",2026-05-13T03:12:17.996454,0.6269213123495965,0.0032635425243284,0.6211889207128691,0.6310252180981655,/Users/kunalgurung/Desktop/UTS SEM4/36126/project/submissions/porto_1000_models/porto_model_0709.csv,True,,,,94.34973287582396,,2026-05-13T03:13:52.346178,catboost,,,2026-05-16 14:12:16.588720
porto,749,catboost,739251,"{""iterations"": 500, ""learning_rate"": 0.01, ""depth"": 5, ""l2_leaf_reg"": 10.0, ""random_strength"": 5.0, ""bagging_temperature"": 2.0}",2026-05-13T04:28:40.972483,0.6262365667079248,0.0034240767616572,0.6203721937528422,0.6307657629448653,/Users/kunalgurung/Desktop/UTS SEM4/36126/project/submissions/porto_1000_models/porto_model_0749.csv,True,,,,92.34453892707825,,2026-05-13T04:30:13.317012,catboost,,,2026-05-16 14:29:16.935350
porto,793,catboost,286074,"{""iterations"": 500, ""learning_rate"": 0.01, ""depth"": 5, ""l2_leaf_reg"": 10.0, ""random_strength"": 5.0, ""bagging_temperature"": 1.0}",2026-05-13T05:56:51.236954,0.6259806416513871,0.0031785316187333,0.6206742755542634,0.6302483776513246,/Users/kunalgurung/Desktop/UTS SEM4/36126/project/submissions/porto_1000_models/porto_model_0793.csv,True,,,,91.60345697402954,,2026-05-13T05:58:22.840401,catboost,,,2026-05-16 14:36:48.467070
porto,822,catboost,828648,"{""iterations"": 300, ""learning_rate"": 0.01, ""depth"": 4, ""l2_leaf_reg"": 10.0, ""random_strength"": 2.0, ""bagging_temperature"": 1.0}",2026-05-13T06:51:01.962404,0.6225032374881049,0.0032764513261499,0.6172192349175049,0.6274289801217381,/Users/kunalgurung/Desktop/UTS SEM4/36126/project/submissions/porto_1000_models/porto_model_0822.csv,True,,,,50.58254599571228,,2026-05-13T06:51:52.544940,catboost,,,2026-05-16 14:39:16.943097
porto,13,lightgbm,565373,"{""n_estimators"": 700, ""learning_rate"": 0.01, ""num_leaves"": 63, ""max_depth"": 7, ""min_child_samples"": 20, ""subsample"": 0.9, ""colsample_bytree"": 0.5, ""reg_alpha"": 0.01, ""reg_lambda"": 0.5}",2026-05-12T14:41:04.623028,0.6412689944130306,0.0031012122990023,0.635322949355882,0.6441906297185993,/Users/kunalgurung/Desktop/UTS SEM4/36126/project/submissions/porto_1000_models/porto_model_0013.csv,True,,,,109.27456712722778,,2026-05-12T14:42:53.897588,lightgbm,,,2026-05-16 14:41:04.481477
porto,272,lightgbm,626638,"{""n_estimators"": 900, ""learning_rate"": 0.01, ""num_leaves"": 31, ""max_depth"": 7, ""min_child_samples"": 80, ""subsample"": 0.6, ""colsample_bytree"": 0.5, ""reg_alpha"": 0.1, ""reg_lambda"": 0.5}",2026-05-12T19:32:44.620063,0.6410543307375882,0.0029029833756914,0.6354385780998255,0.6437245061617922,/Users/kunalgurung/Desktop/UTS SEM4/36126/project/submissions/porto_1000_models/porto_model_0272.csv,False,,,,99.2600929737091,,2026-05-12T19:34:23.880147,lightgbm,,"Warning: Looks like you're using an outdated `kaggle` version (installed: 2.0.0), please consider upgrading to the latest version (2.0.2)
429 Client Error: Too Many Requests for url: https://api.kaggle.com/v1/competitions.CompetitionApiService/CreateSubmission


  0%|          | 0.00/23.5M [00:00<?, ?B/s]
  0%|          | 16.0k/23.5M [00:00<07:52, 52.2kB/s]
  1%|          | 192k/23.5M [00:00<00:41, 583kB/s]  
  2%|▏         | 480k/23.5M [00:00<00:20, 1.20MB/s]
  3%|▎         | 640k/23.5M [00:01<00:45, 531kB/s] 
  6%|▌         | 1.31M/23.5M [00:01<00:16, 1.44MB/s]
  7%|▋         | 1.61M/23.5M [00:01<00:13, 1.70MB/s]
  8%|▊         | 2.00M/23.5M [00:01<00:10, 2.11MB/s]
 10%|▉         | 2.31M/23.5M [00:01<00:10, 2.15MB/s]
 11%|█         | 2.61M/23.5M [00:01<00:09, 2.35MB/s]
 13%|█▎        | 3.08M/23.5M [00:01<00:08, 2.56MB/s]
 18%|█▊        | 4.30M/23.5M [00:02<00:04, 4.81MB/s]
 21%|██        | 4.92M/23.5M [00:02<00:03, 5.16MB/s]
 24%|██▍       | 5.70M/23.5M [00:02<00:03, 5.86MB/s]
 28%|██▊       | 6.69M/23.5M [00:02<00:02, 6.99MB/s]
 32%|███▏      | 7.42M/23.5M [00:02<00:02, 6.03MB/s]
 34%|███▍      | 8.06M/23.5M [00:02<00:03, 4.31MB/s]
 36%|███▋      | 8.58M/23.5M [00:02<00:04, 3.80MB/s]
 38%|███▊      | 9.02M/23.5M [00:03<00:04, 3.32MB/s]
 40%|███▉      | 9.39M/23.5M [00:03<00:04, 3.17MB/s]
 41%|████▏     | 9.73M/23.5M [00:03<00:04, 3.03MB/s]
 43%|████▎     | 10.0M/23.5M [00:03<00:04, 3.00MB/s]
 44%|████▍     | 10.4M/23.5M [00:03<00:04, 2.92MB/s]
 45%|████▌     | 10.7M/23.5M [00:03<00:04, 2.89MB/s]
 47%|████▋     | 11.0M/23.5M [00:03<00:04, 2.92MB/s]
 48%|████▊     | 11.3M/23.5M [00:04<00:04, 2.77MB/s]
 49%|████▉     | 11.6M/23.5M [00:04<00:04, 2.69MB/s]
 50%|█████     | 11.8M/23.5M [00:04<00:05, 2.32MB/s]
 52%|█████▏    | 12.2M/23.5M [00:04<00:04, 2.65MB/s]
 53%|█████▎    | 12.5M/23.5M [00:04<00:04, 2.39MB/s]
 54%|█████▍    | 12.7M/23.5M [00:04<00:05, 2.21MB/s]
 55%|█████▌    | 13.0M/23.5M [00:04<00:05, 1.97MB/s]
 56%|█████▌    | 13.2M/23.5M [00:05<00:06, 1.55MB/s]
 57%|█████▋    | 13.3M/23.5M [00:05<00:07, 1.49MB/s]
 57%|█████▋    | 13.5M/23.5M [00:05<00:06, 1.62MB/s]
 58%|█████▊    | 13.7M/23.5M [00:05<00:06, 1.58MB/s]
 59%|█████▉    | 13.9M/23.5M [00:05<00:06, 1.62MB/s]
 60%|█████▉    | 14.0M/23.5M [00:05<00:06, 1.62MB/s]
 61%|██████    | 14.3M/23.5M [00:05<00:06, 1.57MB/s]
 62%|██████▏   | 14.5M/23.5M [00:06<00:06, 1.55MB/s]
 63%|██████▎   | 14.9M/23.5M [00:06<00:04, 1.94MB/s]
 64%|██████▍   | 15.1M/23.5M [00:06<00:04, 2.14MB/s]
 65%|██████▌   | 15.4M/23.5M [00:06<00:04, 2.13MB/s]
 66%|██████▌   | 15.6M/23.5M [00:06<00:04, 1.67MB/s]
 68%|██████▊   | 15.9M/23.5M [00:06<00:04, 2.00MB/s]
 68%|██████▊   | 16.1M/23.5M [00:06<00:03, 2.04MB/s]
 69%|██████▉   | 16.3M/23.5M [00:06<00:03, 1.93MB/s]
 70%|███████   | 16.5M/23.5M [00:07<00:04, 1.61MB/s]
 71%|███████   | 16.7M/23.5M [00:07<00:06, 1.16MB/s]
 72%|███████▏  | 17.1M/23.5M [00:07<00:04, 1.59MB/s]
 73%|███████▎  | 17.3M/23.5M [00:07<00:04, 1.64MB/s]
 74%|███████▍  | 17.5M/23.5M [00:07<00:03, 1.83MB/s]
 76%|███████▌  | 17.8M/23.5M [00:07<00:02, 2.05MB/s]
 77%|███████▋  | 18.0M/23.5M [00:07<00:02, 2.13MB/s]
 78%|███████▊  | 18.3M/23.5M [00:08<00:02, 2.13MB/s]
 79%|███████▊  | 18.5M/23.5M [00:08<00:02, 2.02MB/s]
 80%|███████▉  | 18.7M/23.5M [00:08<00:02, 1.92MB/s]
 81%|████████  | 19.0M/23.5M [00:08<00:02, 2.12MB/s]
 82%|████████▏ | 19.2M/23.5M [00:08<00:02, 1.95MB/s]
 83%|████████▎ | 19.4M/23.5M [00:08<00:02, 1.96MB/s]
 83%|████████▎ | 19.6M/23.5M [00:08<00:02, 1.92MB/s]
 85%|████████▍ | 19.9M/23.5M [00:08<00:01, 2.22MB/s]
 86%|████████▌ | 20.2M/23.5M [00:09<00:01, 2.20MB/s]
 87%|████████▋ | 20.4M/23.5M [00:09<00:01, 2.14MB/s]
 88%|████████▊ | 20.6M/23.5M [00:09<00:01, 2.03MB/s]
 88%|████████▊ | 20.8M/23.5M [00:09<00:01, 1.97MB/s]
 89%|████████▉ | 21.0M/23.5M [00:09<00:01, 1.97MB/s]
 90%|█████████ | 21.2M/23.5M [00:09<00:01, 1.91MB/s]
 91%|█████████ | 21.5M/23.5M [00:09<00:01, 2.08MB/s]
 92%|█████████▏| 21.7M/23.5M [00:09<00:00, 2.08MB/s]
 93%|█████████▎| 21.9M/23.5M [00:09<00:00, 2.18MB/s]
 94%|█████████▍| 22.1M/23.5M [00:10<00:00, 2.07MB/s]
 95%|█████████▌| 22.4M/23.5M [00:10<00:00, 2.13MB/s]
 96%|█████████▌| 22.6M/23.5M [00:10<00:00, 2.22MB/s]
 97%|█████████▋| 22.8M/23.5M [00:10<00:00, 2.19MB/s]
 98%|█████████▊| 23.1M/23.5M [00:10<00:00, 2.54MB/s]
 99%|█████████▉| 23.4M/23.5M [00:10<00:00, 2.49MB/s]
100%|██████████| 23.5M/23.5M [00:13<00:00, 1.88MB/s]
",2026-05-16 21:31:40.149733
porto,316,lightgbm,118535,"{""n_estimators"": 1100, ""learning_rate"": 0.01, ""num_leaves"": 31, ""max_depth"": -1, ""min_child_samples"": 40, ""subsample"": 0.9, ""colsample_bytree"": 0.6, ""reg_alpha"": 1.0, ""reg_lambda"": 1.0}",2026-05-12T20:21:42.332402,0.6410334542665277,0.0030418536258671,0.6350327282007995,0.6431599820917254,/Users/kunalgurung/Desktop/UTS SEM4/36126/project/submissions/porto_1000_models/porto_model_0316.csv,False,,,,109.40749192237854,,2026-05-12T20:23:31.739884,lightgbm,,,
porto,237,lightgbm,43939,"{""n_estimators"": 1100, ""learning_rate"": 0.01, ""num_leaves"": 31, ""max_depth"": 7, ""min_child_samples"": 120, ""subsample"": 1.0, ""colsample_bytree"": 0.5, ""reg_alpha"": 1.0, ""reg_lambda"": 1.0}",2026-05-12T18:57:57.807269,0.6410078266285343,0.0030824361981545,0.6350233610428746,0.643623451442668,/Users/kunalgurung/Desktop/UTS SEM4/36126/project/submissions/porto_1000_models/porto_model_0237.csv,False,,,,119.5639989376068,,2026-05-12T18:59:57.371258,lightgbm,,,
porto,261,lightgbm,970659,"{""n_estimators"": 1100, ""learning_rate"": 0.01, ""num_leaves"": 63, ""max_depth"": -1, ""min_child_samples"": 80, ""subsample"": 1.0, ""colsample_bytree"": 0.5, ""reg_alpha"": 0.5, ""reg_lambda"": 5.0}",2026-05-12T19:19:02.739288,0.6409712100425274,0.0031242207838433,0.6348299840844512,0.6433834095649655,/Users/kunalgurung/Desktop/UTS SEM4/36126/project/submissions/porto_1000_models/porto_model_0261.csv,False,,,,151.17975997924805,,2026-05-12T19:21:33.919037,lightgbm,,,
porto,14,lightgbm,982738,"{""n_estimators"": 500, ""learning_rate"": 0.02, ""num_leaves"": 31, ""max_depth"": 9, ""min_child_samples"": 120, ""subsample"": 0.6, ""colsample_bytree"": 0.6, ""reg_alpha"": 1.0, ""reg_lambda"": 0.0}",2026-05-12T14:42:53.901836,0.6408482667374991,0.0029227743165077,0.6351229438573484,0.6432595117977903,/Users/kunalgurung/Desktop/UTS SEM4/36126/project/submissions/porto_1000_models/porto_model_0014.csv,False,,,,60.80838203430176,,2026-05-12T14:43:54.710206,lightgbm,,,
porto,158,lightgbm,296443,"{""n_estimators"": 500, ""learning_rate"": 0.03, ""num_leaves"": 31, ""max_depth"": 7, ""min_child_samples"": 20, ""subsample"": 1.0, ""colsample_bytree"": 0.5, ""reg_alpha"": 1.0, ""reg_lambda"": 0.0}",2026-05-12T17:31:07.920866,0.6408199407977266,0.0023991214121624,0.6362342440239516,0.6432723608867414,/Users/kunalgurung/Desktop/UTS SEM4/36126/project/submissions/porto_1000_models/porto_model_0158.csv,False,,,,57.51161074638367,,2026-05-12T17:32:05.432468,lightgbm,,,
porto,262,lightgbm,847184,"{""n_estimators"": 500, ""learning_rate"": 0.01, ""num_leaves"": 127, ""max_depth"": 9, ""min_child_samples"": 40, ""subsample"": 1.0, ""colsample_bytree"": 0.5, ""reg_alpha"": 0.5, ""reg_lambda"": 0.0}",2026-05-12T19:21:33.926216,0.6407982873697199,0.0030230567554169,0.6348988875479261,0.6435065016269539,/Users/kunalgurung/Desktop/UTS SEM4/36126/project/submissions/porto_1000_models/porto_model_0262.csv,False,,,,95.8378791809082,,2026-05-12T19:23:09.764085,lightgbm,,,
porto,139,lightgbm,306010,"{""n_estimators"": 700, ""learning_rate"": 0.07, ""num_leaves"": 63, ""max_depth"": 3, ""min_child_samples"": 40, ""subsample"": 0.9, ""colsample_bytree"": 0.8, ""reg_alpha"": 0.0, ""reg_lambda"": 0.1}",2026-05-12T17:15:41.656277,0.6387423426614682,0.0029691928753146,0.6333748999794185,0.6416200564329272,/Users/kunalgurung/Desktop/UTS SEM4/36126/project/submissions/porto_1000_models/porto_model_0139.csv,False,,,,38.44163799285889,,2026-05-12T17:16:20.097905,lightgbm,6.17001831677566e-05,,
porto,85,lightgbm,980046,"{""n_estimators"": 1100, ""learning_rate"": 0.07, ""num_leaves"": 15, ""max_depth"": 3, ""min_child_samples"": 120, ""subsample"": 0.7, ""colsample_bytree"": 0.5, ""reg_alpha"": 0.5, ""reg_lambda"": 2.0}",2026-05-12T16:15:01.010943,0.6387399513876659,0.0029109351677057,0.6334361341074581,0.6413907298413863,/Users/kunalgurung/Desktop/UTS SEM4/36126/project/submissions/porto_1000_models/porto_model_0085.csv,False,,,,104.16452479362488,,2026-05-12T16:16:45.175455,lightgbm,5.930890936545197e-05,,
porto,304,lightgbm,395161,"{""n_estimators"": 500, ""learning_rate"": 0.02, ""num_leaves"": 63, ""max_depth"": -1, ""min_child_samples"": 120, ""subsample"": 0.9, ""colsample_bytree"": 0.9, ""reg_alpha"": 0.0, ""reg_lambda"": 2.0}",2026-05-12T20:09:32.705533,0.6387379381018384,0.0030214158960967,0.632713713652014,0.6405300177060647,/Users/kunalgurung/Desktop/UTS SEM4/36126/project/submissions/porto_1000_models/porto_model_0304.csv,False,,,,61.19607186317444,,2026-05-12T20:10:33.901595,lightgbm,5.729562353795625e-05,,
porto,2,lightgbm,500352,"{""n_estimators"": 500, ""learning_rate"": 0.01, ""num_leaves"": 127, ""max_depth"": 7, ""min_child_samples"": 80, ""subsample"": 0.8, ""colsample_bytree"": 0.9, ""reg_alpha"": 0.1, ""reg_lambda"": 0.5}",2026-05-12T14:26:24.972349,0.6387076824505026,0.0030431563986847,0.6329717826704352,0.6415230508758415,/Users/kunalgurung/Desktop/UTS SEM4/36126/project/submissions/porto_1000_models/porto_model_0002.csv,False,,,,56.43653392791748,,2026-05-12T14:27:21.408873,lightgbm,2.703997220210308e-05,,
porto,204,lightgbm,289663,"{""n_estimators"": 1100, ""learning_rate"": 0.05, ""num_leaves"": 63, ""max_depth"": 3, ""min_child_samples"": 120, ""subsample"": 0.8, ""colsample_bytree"": 0.8, ""reg_alpha"": 0.5, ""reg_lambda"": 1.0}",2026-05-12T18:26:32.737191,0.6387052920135535,0.002914611422919,0.6336297421304807,0.6419530216572589,/Users/kunalgurung/Desktop/UTS SEM4/36126/project/submissions/porto_1000_models/porto_model_0204.csv,False,,,,50.27229309082031,,2026-05-12T18:27:23.009474,lightgbm,2.46495352530518e-05,,
porto,349,lightgbm,107927,"{""n_estimators"": 900, ""learning_rate"": 0.02, ""num_leaves"": 63, ""max_depth"": 9, ""min_child_samples"": 40, ""subsample"": 0.6, ""colsample_bytree"": 0.7, ""reg_alpha"": 0.0, ""reg_lambda"": 0.5}",2026-05-12T20:58:51.256559,0.6386874023990898,0.0029827687863908,0.6327301232570705,0.6404208592927965,/Users/kunalgurung/Desktop/UTS SEM4/36126/project/submissions/porto_1000_models/porto_model_0349.csv,False,,,,95.62494802474976,,2026-05-12T21:00:26.881498,lightgbm,6.7599207893564994e-06,,
porto,44,lightgbm,973120,"{""n_estimators"": 500, ""learning_rate"": 0.01, ""num_leaves"": 31, ""max_depth"": 5, ""min_child_samples"": 80, ""subsample"": 0.7, ""colsample_bytree"": 1.0, ""reg_alpha"": 0.1, ""reg_lambda"": 0.1}",2026-05-12T15:25:23.521177,0.6386738825575111,0.0035940988867009,0.6320535942402805,0.6428421524925617,/Users/kunalgurung/Desktop/UTS SEM4/36126/project/submissions/porto_1000_models/porto_model_0044.csv,False,,,,47.84330487251282,,2026-05-12T15:26:11.364472,lightgbm,6.7599207893564994e-06,,
porto,276,lightgbm,133745,"{""n_estimators"": 700, ""learning_rate"": 0.02, ""num_leaves"": 15, ""max_depth"": 3, ""min_child_samples"": 40, ""subsample"": 0.7, ""colsample_bytree"": 1.0, ""reg_alpha"": 0.1, ""reg_lambda"": 5.0}",2026-05-12T19:36:39.467216,0.6386387019129984,0.0031008256682862,0.6327313247929861,0.6417282620579869,/Users/kunalgurung/Desktop/UTS SEM4/36126/project/submissions/porto_1000_models/porto_model_0276.csv,False,,,,35.48732805252075,,2026-05-12T19:37:14.954535,lightgbm,4.1940565302045485e-05,,
porto,285,lightgbm,194883,"{""n_estimators"": 500, ""learning_rate"": 0.01, ""num_leaves"": 15, ""max_depth"": 7, ""min_child_samples"": 10, ""subsample"": 0.8, ""colsample_bytree"": 0.9, ""reg_alpha"": 0.5, ""reg_lambda"": 0.5}",2026-05-12T19:48:07.308932,0.6386356843292407,0.00323890431375,0.6325018223914243,0.6421770820410572,/Users/kunalgurung/Desktop/UTS SEM4/36126/project/submissions/porto_1000_models/porto_model_0285.csv,False,,,,48.321974992752075,,2026-05-12T19:48:55.630898,lightgbm,4.495814905980389e-05,,
porto,300,lightgbm,778035,"{""n_estimators"": 900, ""learning_rate"": 0.07, ""num_leaves"": 127, ""max_depth"": 7, ""min_child_samples"": 20, ""subsample"": 0.8, ""colsample_bytree"": 0.7, ""reg_alpha"": 0.5, ""reg_lambda"": 2.0}",2026-05-12T20:05:10.685388,0.6134442112691312,0.0024642341170703,0.609585881263413,0.6172834921881235,/Users/kunalgurung/Desktop/UTS SEM4/36126/project/submissions/porto_1000_models/porto_model_0300.csv,False,,,,111.18584203720091,,2026-05-12T20:07:01.871221,lightgbm,,,
porto,211,lightgbm,281104,"{""n_estimators"": 900, ""learning_rate"": 0.07, ""num_leaves"": 127, ""max_depth"": 7, ""min_child_samples"": 20, ""subsample"": 1.0, ""colsample_bytree"": 0.8, ""reg_alpha"": 0.1, ""reg_lambda"": 2.0}",2026-05-12T18:33:16.315182,0.6128439266307589,0.002143947309719,0.6104123551310106,0.6160413559913009,/Users/kunalgurung/Desktop/UTS SEM4/36126/project/submissions/porto_1000_models/porto_model_0211.csv,False,,,,103.64907383918762,,2026-05-12T18:34:59.964247,lightgbm,,,
porto,338,lightgbm,832130,"{""n_estimators"": 900, ""learning_rate"": 0.07, ""num_leaves"": 127, ""max_depth"": 7, ""min_child_samples"": 20, ""subsample"": 0.9, ""colsample_bytree"": 0.9, ""reg_alpha"": 0.01, ""reg_lambda"": 2.0}",2026-05-12T20:48:17.775122,0.612471245812763,0.0035688542904628,0.6079588731745613,0.6179595009414656,/Users/kunalgurung/Desktop/UTS SEM4/36126/project/submissions/porto_1000_models/porto_model_0338.csv,False,,,,110.73973298072816,,2026-05-12T20:50:08.514846,lightgbm,,,
porto,173,lightgbm,778677,"{""n_estimators"": 1100, ""learning_rate"": 0.05, ""num_leaves"": 127, ""max_depth"": 9, ""min_child_samples"": 80, ""subsample"": 0.8, ""colsample_bytree"": 0.5, ""reg_alpha"": 0.0, ""reg_lambda"": 0.1}",2026-05-12T17:45:59.634433,0.610376913753146,0.0026376706392551,0.6065439600188964,0.613875992158628,/Users/kunalgurung/Desktop/UTS SEM4/36126/project/submissions/porto_1000_models/porto_model_0173.csv,False,,,,204.19203782081604,,2026-05-12T17:49:23.826461,lightgbm,,,
porto,290,lightgbm,507456,"{""n_estimators"": 1100, ""learning_rate"": 0.07, ""num_leaves"": 63, ""max_depth"": 7, ""min_child_samples"": 120, ""subsample"": 0.9, ""colsample_bytree"": 1.0, ""reg_alpha"": 0.0, ""reg_lambda"": 0.5}",2026-05-12T19:53:33.612951,0.6093779600621502,0.0036079263929957,0.6054643536575929,0.616197996331353,/Users/kunalgurung/Desktop/UTS SEM4/36126/project/submissions/porto_1000_models/porto_model_0290.csv,False,,,,105.90192890167236,,2026-05-12T19:55:19.514870,lightgbm,,,
porto,51,lightgbm,994581,"{""n_estimators"": 900, ""learning_rate"": 0.07, ""num_leaves"": 127, ""max_depth"": 9, ""min_child_samples"": 10, ""subsample"": 1.0, ""colsample_bytree"": 0.5, ""reg_alpha"": 0.1, ""reg_lambda"": 1.0}",2026-05-12T15:33:41.525429,0.6092294402168312,0.0023461589463354,0.606659694657907,0.6129169579128312,/Users/kunalgurung/Desktop/UTS SEM4/36126/project/submissions/porto_1000_models/porto_model_0051.csv,False,,,,145.74682116508484,,2026-05-12T15:36:07.272238,lightgbm,,,
porto,69,lightgbm,996659,"{""n_estimators"": 900, ""learning_rate"": 0.07, ""num_leaves"": 127, ""max_depth"": -1, ""min_child_samples"": 20, ""subsample"": 0.9, ""colsample_bytree"": 0.8, ""reg_alpha"": 0.0, ""reg_lambda"": 0.0}",2026-05-12T15:52:15.879770,0.6066216286277206,0.0026525744504621,0.6045219217485189,0.611614081500436,/Users/kunalgurung/Desktop/UTS SEM4/36126/project/submissions/porto_1000_models/porto_model_0069.csv,False,,,,105.3930847644806,,2026-05-12T15:54:01.272845,lightgbm,,,
porto,251,lightgbm,199169,"{""n_estimators"": 1100, ""learning_rate"": 0.07, ""num_leaves"": 127, ""max_depth"": -1, ""min_child_samples"": 120, ""subsample"": 0.9, ""colsample_bytree"": 0.8, ""reg_alpha"": 0.0, ""reg_lambda"": 5.0}",2026-05-12T19:09:17.192965,0.6048495236792387,0.0035933554152513,0.6001574691178597,0.610274690897735,/Users/kunalgurung/Desktop/UTS SEM4/36126/project/submissions/porto_1000_models/porto_model_0251.csv,False,,,,133.6483998298645,,2026-05-12T19:11:30.841355,lightgbm,,,
porto,994,logistic_regression,239979,"{""C"": 0.01, ""penalty"": ""l1"", ""solver"": ""liblinear"", ""max_iter"": 1000}",2026-05-13T17:07:52.787952,0.6203614559026003,0.0041083453596851,0.612895260786107,0.6252040559102632,/Users/kunalgurung/Desktop/UTS SEM4/36126/project/submissions/porto_1000_models/porto_model_0994.csv,False,,,,20.698909759521484,,2026-05-13T17:08:13.486853,logistic_regression,,,
porto,957,logistic_regression,710284,"{""C"": 0.01, ""penalty"": ""l1"", ""solver"": ""liblinear"", ""max_iter"": 1000}",2026-05-13T16:44:18.350362,0.6203613722912861,0.0041084296560683,0.6128949272493812,0.6252039232992757,/Users/kunalgurung/Desktop/UTS SEM4/36126/project/submissions/porto_1000_models/porto_model_0957.csv,False,,,,26.477576971054077,,2026-05-13T16:44:44.827928,logistic_regression,,,
porto,972,logistic_regression,502190,"{""C"": 0.01, ""penalty"": ""l1"", ""solver"": ""liblinear"", ""max_iter"": 1000}",2026-05-13T16:48:36.233375,0.6203613047910888,0.0041083091734116,0.6128951462584361,0.6252039052159593,/Users/kunalgurung/Desktop/UTS SEM4/36126/project/submissions/porto_1000_models/porto_model_0972.csv,False,,,,17.931400060653687,,2026-05-13T16:48:54.164764,logistic_regression,,,
porto,929,logistic_regression,798039,"{""C"": 0.01, ""penalty"": ""l1"", ""solver"": ""liblinear"", ""max_iter"": 1000}",2026-05-13T16:28:56.382053,0.620361250138948,0.004108442522579,0.612894758471761,0.625203824845664,/Users/kunalgurung/Desktop/UTS SEM4/36126/project/submissions/porto_1000_models/porto_model_0929.csv,False,,,,21.432260751724243,,2026-05-13T16:29:17.814306,logistic_regression,,,
porto,991,logistic_regression,13973,"{""C"": 0.01, ""penalty"": ""l1"", ""solver"": ""liblinear"", ""max_iter"": 1000}",2026-05-13T17:07:10.814888,0.6203611299462435,0.0041082544783643,0.6128950859807145,0.6252037344290815,/Users/kunalgurung/Desktop/UTS SEM4/36126/project/submissions/porto_1000_models/porto_model_0991.csv,False,,,,18.428076028823853,,2026-05-13T17:07:29.242953,logistic_regression,,,
porto,956,logistic_regression,486158,"{""C"": 0.3, ""penalty"": ""l2"", ""solver"": ""liblinear"", ""max_iter"": 1000}",2026-05-13T16:44:07.222903,0.6198121432342479,0.0040093875956382,0.6126393738212051,0.6247749589033025,/Users/kunalgurung/Desktop/UTS SEM4/36126/project/submissions/porto_1000_models/porto_model_0956.csv,False,,,,11.113513946533203,,2026-05-13T16:44:18.336408,logistic_regression,0.0,,
porto,989,logistic_regression,257020,"{""C"": 10.0, ""penalty"": ""l1"", ""solver"": ""liblinear"", ""max_iter"": 1000}",2026-05-13T17:03:29.982490,0.6198119957619347,0.0040096768417914,0.6126386082941417,0.6247751196438932,/Users/kunalgurung/Desktop/UTS SEM4/36126/project/submissions/porto_1000_models/porto_model_0989.csv,False,,,,23.401153087615967,,2026-05-13T17:03:53.383636,logistic_regression,1.474723132499634e-07,,
porto,959,logistic_regression,891807,"{""C"": 10.0, ""penalty"": ""l1"", ""solver"": ""liblinear"", ""max_iter"": 1000}",2026-05-13T16:45:00.880188,0.6198119423050319,0.0040097814605994,0.6126384013406312,0.6247750573569143,/Users/kunalgurung/Desktop/UTS SEM4/36126/project/submissions/porto_1000_models/porto_model_0959.csv,False,,,,16.90107488632202,,2026-05-13T16:45:17.781252,logistic_regression,2.009292160431997e-07,,
porto,984,logistic_regression,550533,"{""C"": 10.0, ""penalty"": ""l1"", ""solver"": ""liblinear"", ""max_iter"": 1000}",2026-05-13T16:59:26.552841,0.6198118816264631,0.0040099012185467,0.6126381622390025,0.6247752502456232,/Users/kunalgurung/Desktop/UTS SEM4/36126/project/submissions/porto_1000_models/porto_model_0984.csv,False,,,,20.002867937088013,,2026-05-13T16:59:46.555702,logistic_regression,2.6160778487938074e-07,,
porto,958,logistic_regression,541849,"{""C"": 10.0, ""penalty"": ""l1"", ""solver"": ""liblinear"", ""max_iter"": 1000}",2026-05-13T16:44:44.843198,0.6198118772303183,0.0040095989347041,0.6126384917572134,0.6247744987833616,/Users/kunalgurung/Desktop/UTS SEM4/36126/project/submissions/porto_1000_models/porto_model_0958.csv,False,,,,16.022104263305664,,2026-05-13T16:45:00.865294,logistic_regression,2.660039296609185e-07,,
porto,963,logistic_regression,431966,"{""C"": 0.001, ""penalty"": ""l1"", ""solver"": ""liblinear"", ""max_iter"": 1000}",2026-05-13T16:46:51.975550,0.6151292215199538,0.0035492844373646,0.6082393000710109,0.6180186895630044,/Users/kunalgurung/Desktop/UTS SEM4/36126/project/submissions/porto_1000_models/porto_model_0963.csv,False,,,,11.163400888442991,,2026-05-13T16:47:03.138941,logistic_regression,,,
porto,943,logistic_regression,678860,"{""C"": 0.001, ""penalty"": ""l1"", ""solver"": ""liblinear"", ""max_iter"": 1000}",2026-05-13T16:34:52.551715,0.6151289410289442,0.0035496514712652,0.6082384159977618,0.6180186855435983,/Users/kunalgurung/Desktop/UTS SEM4/36126/project/submissions/porto_1000_models/porto_model_0943.csv,False,,,,10.401610136032104,,2026-05-13T16:35:02.953315,logistic_regression,,,
porto,953,logistic_regression,586167,"{""C"": 0.001, ""penalty"": ""l1"", ""solver"": ""liblinear"", ""max_iter"": 1000}",2026-05-13T16:39:03.547321,0.6151289168955512,0.0035497314656201,0.6082380000814834,0.6180182233118993,/Users/kunalgurung/Desktop/UTS SEM4/36126/project/submissions/porto_1000_models/porto_model_0953.csv,False,,,,12.558758020401,,2026-05-13T16:39:16.106069,logistic_regression,,,
porto,927,logistic_regression,939982,"{""C"": 0.001, ""penalty"": ""l1"", ""solver"": ""liblinear"", ""max_iter"": 1000}",2026-05-13T16:26:11.475668,0.6151289165135052,0.0035496695184542,0.6082385124421164,0.6180186433398345,/Users/kunalgurung/Desktop/UTS SEM4/36126/project/submissions/porto_1000_models/porto_model_0927.csv,False,,,,11.109766960144045,,2026-05-13T16:26:22.585426,logistic_regression,,,
porto,942,logistic_regression,474056,"{""C"": 0.001, ""penalty"": ""l1"", ""solver"": ""liblinear"", ""max_iter"": 1000}",2026-05-13T16:34:42.454740,0.6151284636268592,0.0035501166508958,0.6082369391935847,0.618018611184586,/Users/kunalgurung/Desktop/UTS SEM4/36126/project/submissions/porto_1000_models/porto_model_0942.csv,False,,,,10.082283973693848,,2026-05-13T16:34:52.537014,logistic_regression,,,
porto,400,xgboost,317490,"{""n_estimators"": 1100, ""learning_rate"": 0.01, ""max_depth"": 5, ""min_child_weight"": 8.0, ""gamma"": 0.3, ""subsample"": 0.7, ""colsample_bytree"": 0.8, ""reg_alpha"": 0.0, ""reg_lambda"": 0.1}",2026-05-12T21:47:56.717815,0.6420357876072501,0.0030949781239889,0.6360817273236925,0.6449668041024241,/Users/kunalgurung/Desktop/UTS SEM4/36126/project/submissions/porto_1000_models/porto_model_0400.csv,False,,,,93.8964490890503,,2026-05-12T21:49:30.614255,xgboost,,,
porto,595,xgboost,400458,"{""n_estimators"": 1100, ""learning_rate"": 0.01, ""max_depth"": 6, ""min_child_weight"": 8.0, ""gamma"": 0.1, ""subsample"": 0.7, ""colsample_bytree"": 0.9, ""reg_alpha"": 0.5, ""reg_lambda"": 5.0}",2026-05-13T01:02:08.428543,0.641759514152867,0.0030892713468856,0.6357986691711845,0.6441727052897436,/Users/kunalgurung/Desktop/UTS SEM4/36126/project/submissions/porto_1000_models/porto_model_0595.csv,False,,,,102.01390099525452,,2026-05-13T01:03:50.442433,xgboost,,,
porto,458,xgboost,194082,"{""n_estimators"": 1100, ""learning_rate"": 0.01, ""max_depth"": 6, ""min_child_weight"": 5.0, ""gamma"": 0.1, ""subsample"": 0.7, ""colsample_bytree"": 0.6, ""reg_alpha"": 0.5, ""reg_lambda"": 0.5}",2026-05-12T22:43:30.027245,0.6416748855026263,0.0030839632999213,0.6359522618287731,0.6447235383993546,/Users/kunalgurung/Desktop/UTS SEM4/36126/project/submissions/porto_1000_models/porto_model_0458.csv,False,,,,102.89051580429076,,2026-05-12T22:45:12.917751,xgboost,,,
porto,360,xgboost,445267,"{""n_estimators"": 900, ""learning_rate"": 0.01, ""max_depth"": 6, ""min_child_weight"": 10.0, ""gamma"": 0.0, ""subsample"": 0.7, ""colsample_bytree"": 0.9, ""reg_alpha"": 0.5, ""reg_lambda"": 2.0}",2026-05-12T21:09:19.088855,0.6416683466161112,0.0034381968264557,0.6352514007050609,0.6453817091211549,/Users/kunalgurung/Desktop/UTS SEM4/36126/project/submissions/porto_1000_models/porto_model_0360.csv,False,,,,80.6856701374054,,2026-05-12T21:10:39.774515,xgboost,,,
porto,560,xgboost,336936,"{""n_estimators"": 1100, ""learning_rate"": 0.01, ""max_depth"": 5, ""min_child_weight"": 5.0, ""gamma"": 0.0, ""subsample"": 0.8, ""colsample_bytree"": 0.8, ""reg_alpha"": 0.5, ""reg_lambda"": 0.1}",2026-05-13T00:30:14.579615,0.6415946249472582,0.0033914715973592,0.6351195371614533,0.6446669170152752,/Users/kunalgurung/Desktop/UTS SEM4/36126/project/submissions/porto_1000_models/porto_model_0560.csv,False,,,,89.4486939907074,,2026-05-13T00:31:44.028301,xgboost,,,
porto,451,xgboost,299376,"{""n_estimators"": 700, ""learning_rate"": 0.01, ""max_depth"": 7, ""min_child_weight"": 10.0, ""gamma"": 0.1, ""subsample"": 0.7, ""colsample_bytree"": 0.5, ""reg_alpha"": 0.5, ""reg_lambda"": 1.0}",2026-05-12T22:36:39.163536,0.6415218440060287,0.0030439797670217,0.6356406621751233,0.6444214913793482,/Users/kunalgurung/Desktop/UTS SEM4/36126/project/submissions/porto_1000_models/porto_model_0451.csv,False,,,,78.26975989341736,,2026-05-12T22:37:57.433286,xgboost,,,
porto,362,xgboost,996088,"{""n_estimators"": 500, ""learning_rate"": 0.02, ""max_depth"": 5, ""min_child_weight"": 8.0, ""gamma"": 0.1, ""subsample"": 0.9, ""colsample_bytree"": 0.6, ""reg_alpha"": 1.0, ""reg_lambda"": 5.0}",2026-05-12T21:11:34.645214,0.6415053211664489,0.0030394022546617,0.6356227747612606,0.6442914704536776,/Users/kunalgurung/Desktop/UTS SEM4/36126/project/submissions/porto_1000_models/porto_model_0362.csv,False,,,,44.5580689907074,,2026-05-12T21:12:19.203274,xgboost,,,
porto,391,xgboost,232624,"{""n_estimators"": 1100, ""learning_rate"": 0.01, ""max_depth"": 5, ""min_child_weight"": 8.0, ""gamma"": 0.0, ""subsample"": 0.6, ""colsample_bytree"": 1.0, ""reg_alpha"": 0.0, ""reg_lambda"": 2.0}",2026-05-12T21:38:49.277571,0.6414992104664783,0.0033100308014532,0.6354121674161394,0.6451383710854502,/Users/kunalgurung/Desktop/UTS SEM4/36126/project/submissions/porto_1000_models/porto_model_0391.csv,False,,,,90.50234603881836,,2026-05-12T21:40:19.779908,xgboost,,,
porto,501,xgboost,845120,"{""n_estimators"": 300, ""learning_rate"": 0.03, ""max_depth"": 7, ""min_child_weight"": 5.0, ""gamma"": 0.3, ""subsample"": 0.6, ""colsample_bytree"": 0.8, ""reg_alpha"": 0.5, ""reg_lambda"": 2.0}",2026-05-12T23:27:39.644948,0.6392555120281465,0.0027915430664697,0.6340681721379906,0.6422079651435315,/Users/kunalgurung/Desktop/UTS SEM4/36126/project/submissions/porto_1000_models/porto_model_0501.csv,False,,,,36.805651903152466,,2026-05-12T23:28:16.450589,xgboost,5.338850601688261e-05,,
porto,579,xgboost,733132,"{""n_estimators"": 300, ""learning_rate"": 0.02, ""max_depth"": 7, ""min_child_weight"": 3.0, ""gamma"": 0.01, ""subsample"": 1.0, ""colsample_bytree"": 0.8, ""reg_alpha"": 0.1, ""reg_lambda"": 1.0}",2026-05-13T00:47:17.848913,0.6392491102120731,0.0030779696469487,0.6332898089338282,0.6416115953771943,/Users/kunalgurung/Desktop/UTS SEM4/36126/project/submissions/porto_1000_models/porto_model_0579.csv,False,,,,36.70655274391174,,2026-05-13T00:47:54.555455,xgboost,4.6986689943517845e-05,,
porto,577,xgboost,330967,"{""n_estimators"": 500, ""learning_rate"": 0.03, ""max_depth"": 3, ""min_child_weight"": 3.0, ""gamma"": 0.3, ""subsample"": 0.7, ""colsample_bytree"": 0.5, ""reg_alpha"": 0.5, ""reg_lambda"": 0.1}",2026-05-13T00:46:07.358439,0.6392417261914052,0.0037599062585892,0.6321694942339708,0.6433146583998073,/Users/kunalgurung/Desktop/UTS SEM4/36126/project/submissions/porto_1000_models/porto_model_0577.csv,False,,,,35.303723096847534,,2026-05-13T00:46:42.662151,xgboost,3.960266927560685e-05,,
porto,556,xgboost,475839,"{""n_estimators"": 300, ""learning_rate"": 0.05, ""max_depth"": 3, ""min_child_weight"": 1.0, ""gamma"": 0.1, ""subsample"": 0.7, ""colsample_bytree"": 0.7, ""reg_alpha"": 0.01, ""reg_lambda"": 0.5}",2026-05-13T00:26:18.558643,0.6392348502825254,0.003646149656891,0.6320638977121464,0.6418892956010089,/Users/kunalgurung/Desktop/UTS SEM4/36126/project/submissions/porto_1000_models/porto_model_0556.csv,False,,,,24.241150856018063,,2026-05-13T00:26:42.799784,xgboost,3.2726760395784815e-05,,
porto,410,xgboost,91872,"{""n_estimators"": 1100, ""learning_rate"": 0.01, ""max_depth"": 3, ""min_child_weight"": 1.0, ""gamma"": 0.05, ""subsample"": 0.6, ""colsample_bytree"": 1.0, ""reg_alpha"": 0.1, ""reg_lambda"": 0.5}",2026-05-12T21:57:22.802165,0.6392267395732734,0.003438939994901,0.6326632079537772,0.6425684196807648,/Users/kunalgurung/Desktop/UTS SEM4/36126/project/submissions/porto_1000_models/porto_model_0410.csv,False,,,,71.86171793937683,,2026-05-12T21:58:34.663874,xgboost,2.461605114378873e-05,,
porto,589,xgboost,744387,"{""n_estimators"": 700, ""learning_rate"": 0.01, ""max_depth"": 4, ""min_child_weight"": 5.0, ""gamma"": 0.1, ""subsample"": 0.6, ""colsample_bytree"": 1.0, ""reg_alpha"": 0.5, ""reg_lambda"": 5.0}",2026-05-13T00:56:28.408987,0.6392231113904454,0.0036088928372599,0.6323679827431795,0.6429270278076546,/Users/kunalgurung/Desktop/UTS SEM4/36126/project/submissions/porto_1000_models/porto_model_0589.csv,False,,,,55.1275098323822,,2026-05-13T00:57:23.536486,xgboost,2.098786831583599e-05,,
porto,448,xgboost,467395,"{""n_estimators"": 500, ""learning_rate"": 0.07, ""max_depth"": 3, ""min_child_weight"": 3.0, ""gamma"": 0.01, ""subsample"": 0.8, ""colsample_bytree"": 0.6, ""reg_alpha"": 0.5, ""reg_lambda"": 0.5}",2026-05-12T22:34:28.890911,0.639218780184102,0.0033919839523621,0.6330406710644797,0.6432102582963042,/Users/kunalgurung/Desktop/UTS SEM4/36126/project/submissions/porto_1000_models/porto_model_0448.csv,False,,,,35.25358510017395,,2026-05-12T22:35:04.144485,xgboost,1.6656661972480613e-05,,
porto,686,xgboost,562528,"{""n_estimators"": 300, ""learning_rate"": 0.03, ""max_depth"": 7, ""min_child_weight"": 10.0, ""gamma"": 0.05, ""subsample"": 0.7, ""colsample_bytree"": 0.9, ""reg_alpha"": 0.0, ""reg_lambda"": 0.1}",2026-05-13T02:35:05.241809,0.6391854668601571,0.0030395203882781,0.6332684706204085,0.6418168735546131,/Users/kunalgurung/Desktop/UTS SEM4/36126/project/submissions/porto_1000_models/porto_model_0686.csv,False,,,,37.14785885810852,,2026-05-13T02:35:42.389658,xgboost,1.6656661972480613e-05,,
porto,557,xgboost,761782,"{""n_estimators"": 900, ""learning_rate"": 0.02, ""max_depth"": 6, ""min_child_weight"": 8.0, ""gamma"": 0.05, ""subsample"": 0.8, ""colsample_bytree"": 1.0, ""reg_alpha"": 0.1, ""reg_lambda"": 0.5}",2026-05-13T00:26:42.809494,0.6391785428858556,0.0030797968257664,0.6332975827506475,0.6421084102408738,/Users/kunalgurung/Desktop/UTS SEM4/36126/project/submissions/porto_1000_models/porto_model_0557.csv,False,,,,79.89618492126465,,2026-05-13T00:28:02.705670,xgboost,2.3580636273945466e-05,,
porto,407,xgboost,97153,"{""n_estimators"": 900, ""learning_rate"": 0.07, ""max_depth"": 7, ""min_child_weight"": 2.0, ""gamma"": 0.0, ""subsample"": 1.0, ""colsample_bytree"": 0.8, ""reg_alpha"": 0.01, ""reg_lambda"": 2.0}",2026-05-12T21:54:35.795494,0.6119192688340315,0.0023604947160654,0.6092514433857061,0.6156331035657707,/Users/kunalgurung/Desktop/UTS SEM4/36126/project/submissions/porto_1000_models/porto_model_0407.csv,False,,,,82.26304626464844,,2026-05-12T21:55:58.058531,xgboost,,,
porto,493,xgboost,14995,"{""n_estimators"": 900, ""learning_rate"": 0.07, ""max_depth"": 7, ""min_child_weight"": 3.0, ""gamma"": 0.05, ""subsample"": 1.0, ""colsample_bytree"": 0.8, ""reg_alpha"": 0.01, ""reg_lambda"": 0.5}",2026-05-12T23:20:25.481239,0.6104798108939208,0.0016305243427517,0.60840559952969,0.6132337948937725,/Users/kunalgurung/Desktop/UTS SEM4/36126/project/submissions/porto_1000_models/porto_model_0493.csv,False,,,,76.3460750579834,,2026-05-12T23:21:41.827303,xgboost,,,
porto,494,xgboost,727132,"{""n_estimators"": 700, ""learning_rate"": 0.07, ""max_depth"": 7, ""min_child_weight"": 1.0, ""gamma"": 0.1, ""subsample"": 0.7, ""colsample_bytree"": 0.8, ""reg_alpha"": 0.01, ""reg_lambda"": 0.5}",2026-05-12T23:21:41.836634,0.6099538201692791,0.0024634299106105,0.6058044548479149,0.612234301504787,/Users/kunalgurung/Desktop/UTS SEM4/36126/project/submissions/porto_1000_models/porto_model_0494.csv,False,,,,69.74887204170227,,2026-05-12T23:22:51.585497,xgboost,,,
porto,598,xgboost,604495,"{""n_estimators"": 900, ""learning_rate"": 0.07, ""max_depth"": 7, ""min_child_weight"": 1.0, ""gamma"": 0.01, ""subsample"": 1.0, ""colsample_bytree"": 0.8, ""reg_alpha"": 1.0, ""reg_lambda"": 1.0}",2026-05-13T01:05:26.194419,0.609229825292706,0.0023960332942354,0.6067428832161315,0.6136141640930447,/Users/kunalgurung/Desktop/UTS SEM4/36126/project/submissions/porto_1000_models/porto_model_0598.csv,False,,,,84.00814628601074,,2026-05-13T01:06:50.202556,xgboost,,,
porto,551,xgboost,405763,"{""n_estimators"": 900, ""learning_rate"": 0.07, ""max_depth"": 7, ""min_child_weight"": 5.0, ""gamma"": 0.1, ""subsample"": 0.8, ""colsample_bytree"": 0.9, ""reg_alpha"": 0.1, ""reg_lambda"": 1.0}",2026-05-13T00:20:29.663888,0.6083057959155639,0.0041260739954158,0.6019622192623137,0.6146005923689198,/Users/kunalgurung/Desktop/UTS SEM4/36126/project/submissions/porto_1000_models/porto_model_0551.csv,False,,,,88.22623014450073,,2026-05-13T00:21:57.890108,xgboost,,,
porto,482,xgboost,539402,"{""n_estimators"": 900, ""learning_rate"": 0.07, ""max_depth"": 7, ""min_child_weight"": 3.0, ""gamma"": 0.05, ""subsample"": 0.6, ""colsample_bytree"": 0.8, ""reg_alpha"": 1.0, ""reg_lambda"": 1.0}",2026-05-12T23:07:46.633117,0.6036077465787244,0.0019069002095794,0.6013468161577037,0.6070392069163758,/Users/kunalgurung/Desktop/UTS SEM4/36126/project/submissions/porto_1000_models/porto_model_0482.csv,False,,,,100.06753492355348,,2026-05-12T23:09:26.700643,xgboost,,,
porto,522,xgboost,302661,"{""n_estimators"": 1100, ""learning_rate"": 0.07, ""max_depth"": 7, ""min_child_weight"": 5.0, ""gamma"": 0.05, ""subsample"": 0.7, ""colsample_bytree"": 0.9, ""reg_alpha"": 0.0, ""reg_lambda"": 0.5}",2026-05-12T23:46:40.566049,0.6016674940586226,0.0032476234934409,0.5965155514703157,0.6064261647266143,/Users/kunalgurung/Desktop/UTS SEM4/36126/project/submissions/porto_1000_models/porto_model_0522.csv,False,,,,111.0670850276947,,2026-05-12T23:48:31.633124,xgboost,,,
porto,524,xgboost,351001,"{""n_estimators"": 1100, ""learning_rate"": 0.07, ""max_depth"": 7, ""min_child_weight"": 3.0, ""gamma"": 0.01, ""subsample"": 0.8, ""colsample_bytree"": 1.0, ""reg_alpha"": 1.0, ""reg_lambda"": 1.0}",2026-05-12T23:49:18.724925,0.6008623499550408,0.0035462774169506,0.5970646714671187,0.607348597708097,/Users/kunalgurung/Desktop/UTS SEM4/36126/project/submissions/porto_1000_models/porto_model_0524.csv,False,,,,112.92611503601074,,2026-05-12T23:51:11.651030,xgboost,,,
